{"credit":"Made with Blockbench","texture_size":[64,64],"textures":{"2":"./cowpoke_hide","particle":"./cowpoke_hide"},"elements":[{"from":[13,7,4],"to":[13,11,13],"faces":{"north":{"uv":[0,0,0,1],"texture":"#2"},"east":{"uv":[2,0,4.25,1],"texture":"#2"},"south":{"uv":[0,0,0,1],"texture":"#2"},"west":{"uv":[2,1,4.25,2],"texture":"#2"},"up":{"uv":[0,2.25,0,0],"texture":"#2"},"down":{"uv":[0,0,0,2.25],"texture":"#2"}}},{"from":[4,7,4],"to":[13,11,4],"faces":{"north":{"uv":[2,2,4.25,3],"texture":"#2"},"east":{"uv":[0,0,0,1],"texture":"#2"},"south":{"uv":[2,3,4.25,4],"texture":"#2"},"west":{"uv":[0,0,0,1],"texture":"#2"},"up":{"uv":[2.25,0,0,0],"texture":"#2"},"down":{"uv":[2.25,0,0,0],"texture":"#2"}}},{"from":[4,7,4],"to":[4,11,13],"faces":{"north":{"uv":[0,0,0,1],"texture":"#2"},"east":{"uv":[0,4,2.25,5],"texture":"#2"},"south":{"uv":[0,0,0,1],"texture":"#2"},"west":{"uv":[2.25,4,4.5,5],"texture":"#2"},"up":{"uv":[0,2.25,0,0],"texture":"#2"},"down":{"uv":[0,0,0,2.25],"texture":"#2"}}},{"from":[4,7,13],"to":[13,11,13],"faces":{"north":{"uv":[4.25,0,6.5,1],"texture":"#2"},"east":{"uv":[0,0,0,1],"texture":"#2"},"south":{"uv":[4.25,1,6.5,2],"texture":"#2"},"west":{"uv":[0,0,0,1],"texture":"#2"},"up":{"uv":[2.25,0,0,0],"texture":"#2"},"down":{"uv":[2.25,0,0,0],"texture":"#2"}}},{"from":[4,11,12.4],"to":[12.4,11,13],"faces":{"north":{"uv":[0,0,2,0],"texture":"#2"},"east":{"uv":[0,0,0.25,0],"texture":"#2"},"south":{"uv":[0,0,2,0],"texture":"#2"},"west":{"uv":[0,0,0.25,0],"texture":"#2"},"up":{"uv":[8.5,4,6.5,3.75],"texture":"#2"},"down":{"uv":[8.25,6.5,6.25,6.75],"texture":"#2"}}},{"from":[4,11,4],"to":[12.4,11,4.4],"faces":{"north":{"uv":[0,0,2,0],"texture":"#2"},"east":{"uv":[0,0,0.25,0],"texture":"#2"},"south":{"uv":[0,0,2,0],"texture":"#2"},"west":{"uv":[0,0,0.25,0],"texture":"#2"},"up":{"uv":[8.75,0.75,6.75,0.5],"texture":"#2"},"down":{"uv":[8.75,0.75,6.75,1],"texture":"#2"}}},{"from":[12.4,11,4],"to":[13,11,13],"faces":{"north":{"uv":[0,0,0.25,0],"texture":"#2"},"east":{"uv":[0,0,2.25,0],"texture":"#2"},"south":{"uv":[0,0,0.25,0],"texture":"#2"},"west":{"uv":[0,0,2.25,0],"texture":"#2"},"up":{"uv":[6.75,2.75,6.5,0.5],"texture":"#2"},"down":{"uv":[6.25,6.5,6,8.75],"texture":"#2"}}},{"from":[4,11,4.4],"to":[12.4,11,12.4],"faces":{"north":{"uv":[0,0,2,0],"texture":"#2"},"east":{"uv":[0,0,2,0],"texture":"#2"},"south":{"uv":[0,0,2,0],"texture":"#2"},"west":{"uv":[0,0,2,0],"texture":"#2"},"up":{"uv":[2,2,0,0],"texture":"#2"},"down":{"uv":[2,2,0,4],"texture":"#2"}}},{"from":[12.6194,5.08658,1],"to":[13.6194,5.08658,16],"rotation":{"angle":22.5,"axis":"z","origin":[8,7,8]},"faces":{"north":{"uv":[0,0,0.25,0],"texture":"#2"},"east":{"uv":[0,0,3.75,0],"texture":"#2"},"south":{"uv":[0,0,0.25,0],"texture":"#2"},"west":{"uv":[0,0,3.75,0],"texture":"#2"},"up":{"uv":[5.5,8.75,5.25,5],"texture":"#2"},"down":{"uv":[5.75,5,5.5,8.75],"texture":"#2"}}},{"from":[13.6194,5.08658,2],"to":[14.6194,5.08658,15],"rotation":{"angle":22.5,"axis":"z","origin":[8,7,8]},"faces":{"north":{"uv":[0,0,0.25,0],"texture":"#2"},"east":{"uv":[0,0,3.25,0],"texture":"#2"},"south":{"uv":[0,0,0.25,0],"texture":"#2"},"west":{"uv":[0,0,3.25,0],"texture":"#2"},"up":{"uv":[0.5,9.25,0.25,6],"texture":"#2"},"down":{"uv":[0.75,6,0.5,9.25],"texture":"#2"}}},{"from":[14.6194,5.08658,3],"to":[15.6194,5.08658,14],"rotation":{"angle":22.5,"axis":"z","origin":[8,7,8]},"faces":{"north":{"uv":[0,0,0.25,0],"texture":"#2"},"east":{"uv":[0,0,2.75,0],"texture":"#2"},"south":{"uv":[0,0,0.25,0],"texture":"#2"},"west":{"uv":[0,0,2.75,0],"texture":"#2"},"up":{"uv":[1.5,8.75,1.25,6],"texture":"#2"},"down":{"uv":[1.75,6,1.5,8.75],"texture":"#2"}}},{"from":[3.30448,5.46927,1],"to":[4.30448,5.46927,16],"rotation":{"angle":-22.5,"axis":"z","origin":[8,7,8]},"faces":{"north":{"uv":[0,0,0.25,0],"texture":"#2"},"east":{"uv":[0,0,3.75,0],"texture":"#2"},"south":{"uv":[0,0,0.25,0],"texture":"#2"},"west":{"uv":[0,0,3.75,0],"texture":"#2"},"up":{"uv":[6,8.75,5.75,5],"texture":"#2"},"down":{"uv":[0.25,6,0,9.75],"texture":"#2"}}},{"from":[2.30448,5.46927,2],"to":[3.30448,5.46927,15],"rotation":{"angle":-22.5,"axis":"z","origin":[8,7,8]},"faces":{"north":{"uv":[0,0,0.25,0],"texture":"#2"},"east":{"uv":[0,0,3.25,0],"texture":"#2"},"south":{"uv":[0,0,0.25,0],"texture":"#2"},"west":{"uv":[0,0,3.25,0],"texture":"#2"},"up":{"uv":[1,9.25,0.75,6],"texture":"#2"},"down":{"uv":[1.25,6,1,9.25],"texture":"#2"}}},{"from":[4,7,0],"to":[13,7,4],"rotation":{"angle":0,"axis":"y","origin":[8,7,8]},"faces":{"north":{"uv":[0,0,2.25,0],"texture":"#2"},"east":{"uv":[0,0,1,0],"texture":"#2"},"south":{"uv":[0,0,2.25,0],"texture":"#2"},"west":{"uv":[0,0,1,0],"texture":"#2"},"up":{"uv":[6.5,3,4.25,2],"texture":"#2"},"down":{"uv":[6.5,3,4.25,4],"texture":"#2"}}},{"from":[1.30448,5.46927,3],"to":[2.30448,5.46927,14],"rotation":{"angle":-22.5,"axis":"z","origin":[8,7,8]},"faces":{"north":{"uv":[0,0,0.25,0],"texture":"#2"},"east":{"uv":[0,0,2.75,0],"texture":"#2"},"south":{"uv":[0,0,0.25,0],"texture":"#2"},"west":{"uv":[0,0,2.75,0],"texture":"#2"},"up":{"uv":[2,8.75,1.75,6],"texture":"#2"},"down":{"uv":[2.25,6,2,8.75],"texture":"#2"}}},{"from":[4,7,13],"to":[13,7,17],"rotation":{"angle":0,"axis":"y","origin":[8,7,8]},"faces":{"north":{"uv":[0,0,2.25,0],"texture":"#2"},"east":{"uv":[0,0,1,0],"texture":"#2"},"south":{"uv":[0,0,2.25,0],"texture":"#2"},"west":{"uv":[0,0,1,0],"texture":"#2"},"up":{"uv":[6.75,5,4.5,4],"texture":"#2"},"down":{"uv":[2.25,5,0,6],"texture":"#2"}}},{"from":[9,11,4],"to":[12,12,13],"rotation":{"angle":0,"axis":"y","origin":[1,0,4]},"faces":{"north":{"uv":[6.75,1,7.5,1.25],"texture":"#2"},"east":{"uv":[6.5,2.75,8.75,3],"texture":"#2"},"south":{"uv":[6.75,1.25,7.5,1.5],"texture":"#2"},"west":{"uv":[6.5,3,8.75,3.25],"texture":"#2"},"up":{"uv":[3,7.25,2.25,5],"texture":"#2"},"down":{"uv":[3.75,5,3,7.25],"texture":"#2"}}},{"from":[5,11,4],"to":[8,12,13],"rotation":{"angle":0,"axis":"y","origin":[1,0,4]},"faces":{"north":{"uv":[6.75,1.5,7.5,1.75],"texture":"#2"},"east":{"uv":[6.5,3.25,8.75,3.5],"texture":"#2"},"south":{"uv":[6.75,1.75,7.5,2],"texture":"#2"},"west":{"uv":[6.5,3.5,8.75,3.75],"texture":"#2"},"up":{"uv":[4.5,7.25,3.75,5],"texture":"#2"},"down":{"uv":[5.25,5,4.5,7.25],"texture":"#2"}}},{"from":[3.75,7,3.75],"to":[13.25,8,3.75],"faces":{"north":{"uv":[6,5,8.5,5.25],"texture":"#2"},"east":{"uv":[0,0,0,0.25],"texture":"#2"},"south":{"uv":[6,5.25,8.5,5.5],"texture":"#2"},"west":{"uv":[0,0,0,0.25],"texture":"#2"},"up":{"uv":[2.5,0,0,0],"texture":"#2"},"down":{"uv":[2.5,0,0,0],"texture":"#2"}}},{"from":[3.75,7,13.25],"to":[13.25,8,13.25],"faces":{"north":{"uv":[6,5.5,8.5,5.75],"texture":"#2"},"east":{"uv":[0,0,0,0.25],"texture":"#2"},"south":{"uv":[6,5.75,8.5,6],"texture":"#2"},"west":{"uv":[0,0,0,0.25],"texture":"#2"},"up":{"uv":[2.5,0,0,0],"texture":"#2"},"down":{"uv":[2.5,0,0,0],"texture":"#2"}}},{"from":[3.75,7.25,3.75],"to":[3.75,8,13.25],"rotation":{"angle":0,"axis":"y","origin":[3.75,7.5,3.75]},"faces":{"north":{"uv":[0,0,0,0.25],"texture":"#2"},"east":{"uv":[6,6,8.5,6.25],"texture":"#2"},"south":{"uv":[0,0,0,0.25],"texture":"#2"},"west":{"uv":[6,6.25,8.5,6.5],"texture":"#2"},"up":{"uv":[0,2.5,0,0],"texture":"#2"},"down":{"uv":[0,0,0,2.5],"texture":"#2"}}},{"from":[13.25,7.25,3.75],"to":[13.25,8,13.25],"rotation":{"angle":0,"axis":"y","origin":[3.75,7.5,3.75]},"faces":{"north":{"uv":[0,0,0,0.25],"texture":"#2"},"east":{"uv":[6.5,0,9,0.25],"texture":"#2"},"south":{"uv":[0,0,0,0.25],"texture":"#2"},"west":{"uv":[6.5,0.25,9,0.5],"texture":"#2"},"up":{"uv":[0,2.5,0,0],"texture":"#2"},"down":{"uv":[0,0,0,2.5],"texture":"#2"}}}],"display":{"thirdperson_righthand":{"translation":[-0.25,0,-1],"scale":[0.57,0.57,0.57]},"thirdperson_lefthand":{"translation":[-0.25,0,-1],"scale":[0.57,0.57,0.57]},"firstperson_righthand":{"translation":[-0.25,2.5,0],"scale":[0.9,0.9,0.9]},"firstperson_lefthand":{"translation":[-0.25,2.5,0],"scale":[0.9,0.9,0.9]},"ground":{"scale":[0.72,0.72,0.72]},"gui":{"rotation":[10,-180,0],"translation":[0.5,-2,0],"scale":[0.96,1.2,1]},"head":{"rotation":[-6,0,0],"translation":[-0.75,4,-0.75],"scale":[1.62,1.41,1.68]},"fixed":{"rotation":[-89,0,0],"translation":[0,0,-2]}},"groups":[{"name":"top","origin":[0,0,0],"color":0,"children":[0,1,2,3,4,5,6,7,8,9,10,11,12,13,14,15,16,17,18,19,20,21]}]}