{
	"credit": "",
	"texture_size": [32, 32],
	"textures": {
		"1": "./crucible_axe",
		"particle": "./crucible_axe"
	},
	"elements": [
		{
			"from": [13, 0, 8],
			"to": [16, 3, 9],
			"faces": {
				"north": {"uv": [0, 2, 1.5, 3.5], "texture": "#1"},
				"east": {"uv": [4, 10.5, 4.5, 12], "texture": "#1"},
				"south": {"uv": [1.5, 2, 3, 3.5], "texture": "#1"},
				"west": {"uv": [8.5, 10.5, 9, 12], "texture": "#1"},
				"up": {"uv": [10.5, 11, 9, 10.5], "texture": "#1"},
				"down": {"uv": [12, 10, 10.5, 10.5], "texture": "#1"}
			}
		},
		{
			"from": [11, 3, 8],
			"to": [14, 4, 9],
			"faces": {
				"north": {"uv": [10.5, 10.5, 12, 11], "texture": "#1"},
				"east": {"uv": [12, 12, 12.5, 12.5], "texture": "#1"},
				"south": {"uv": [0, 11, 1.5, 11.5], "texture": "#1"},
				"west": {"uv": [0, 12.5, 0.5, 13], "texture": "#1"},
				"up": {"uv": [3, 11.5, 1.5, 11], "texture": "#1"},
				"down": {"uv": [6, 11, 4.5, 11.5], "texture": "#1"}
			}
		},
		{
			"from": [12, 2, 8],
			"to": [13, 3, 9],
			"faces": {
				"north": {"uv": [12.5, 0, 13, 0.5], "texture": "#1"},
				"east": {"uv": [0.5, 12.5, 1, 13], "texture": "#1"},
				"south": {"uv": [12.5, 0.5, 13, 1], "texture": "#1"},
				"west": {"uv": [1, 12.5, 1.5, 13], "texture": "#1"},
				"up": {"uv": [2, 13, 1.5, 12.5], "texture": "#1"},
				"down": {"uv": [2.5, 12.5, 2, 13], "texture": "#1"}
			}
		},
		{
			"from": [6, 8, 8],
			"to": [7, 9, 9],
			"faces": {
				"north": {"uv": [2.5, 12.5, 3, 13], "texture": "#1"},
				"east": {"uv": [3, 12.5, 3.5, 13], "texture": "#1"},
				"south": {"uv": [3.5, 12.5, 4, 13], "texture": "#1"},
				"west": {"uv": [12.5, 3.5, 13, 4], "texture": "#1"},
				"up": {"uv": [4.5, 13, 4, 12.5], "texture": "#1"},
				"down": {"uv": [5, 12.5, 4.5, 13], "texture": "#1"}
			}
		},
		{
			"from": [10, 4, 8],
			"to": [13, 5, 9],
			"faces": {
				"north": {"uv": [6, 11, 7.5, 11.5], "texture": "#1"},
				"east": {"uv": [5, 12.5, 5.5, 13], "texture": "#1"},
				"south": {"uv": [11, 6.5, 12.5, 7], "texture": "#1"},
				"west": {"uv": [5.5, 12.5, 6, 13], "texture": "#1"},
				"up": {"uv": [12.5, 7.5, 11, 7], "texture": "#1"},
				"down": {"uv": [12.5, 7.5, 11, 8], "texture": "#1"}
			}
		},
		{
			"from": [9, 5, 8],
			"to": [12, 6, 9],
			"faces": {
				"north": {"uv": [9, 11, 10.5, 11.5], "texture": "#1"},
				"east": {"uv": [6, 12.5, 6.5, 13], "texture": "#1"},
				"south": {"uv": [10.5, 11, 12, 11.5], "texture": "#1"},
				"west": {"uv": [6.5, 12.5, 7, 13], "texture": "#1"},
				"up": {"uv": [1.5, 12, 0, 11.5], "texture": "#1"},
				"down": {"uv": [3, 11.5, 1.5, 12], "texture": "#1"}
			}
		},
		{
			"from": [8, 6, 8],
			"to": [11, 7, 9],
			"faces": {
				"north": {"uv": [4.5, 11.5, 6, 12], "texture": "#1"},
				"east": {"uv": [12.5, 6.5, 13, 7], "texture": "#1"},
				"south": {"uv": [6, 11.5, 7.5, 12], "texture": "#1"},
				"west": {"uv": [7, 12.5, 7.5, 13], "texture": "#1"},
				"up": {"uv": [13, 6.5, 11.5, 6], "texture": "#1"},
				"down": {"uv": [10.5, 11.5, 9, 12], "texture": "#1"}
			}
		},
		{
			"from": [6, 7, 8],
			"to": [10, 8, 9],
			"faces": {
				"north": {"uv": [10, 1, 12, 1.5], "texture": "#1"},
				"east": {"uv": [12.5, 7, 13, 7.5], "texture": "#1"},
				"south": {"uv": [10, 1.5, 12, 2], "texture": "#1"},
				"west": {"uv": [12.5, 7.5, 13, 8], "texture": "#1"},
				"up": {"uv": [4.5, 10.5, 2.5, 10], "texture": "#1"},
				"down": {"uv": [12, 4, 10, 4.5], "texture": "#1"}
			}
		},
		{
			"from": [7, 8, 8],
			"to": [9, 10, 9],
			"faces": {
				"north": {"uv": [4.5, 10, 5.5, 11], "texture": "#1"},
				"east": {"uv": [7.5, 11, 8, 12], "texture": "#1"},
				"south": {"uv": [5.5, 10, 6.5, 11], "texture": "#1"},
				"west": {"uv": [8, 11, 8.5, 12], "texture": "#1"},
				"up": {"uv": [13, 4.5, 12, 4], "texture": "#1"},
				"down": {"uv": [13, 4.5, 12, 5], "texture": "#1"}
			}
		},
		{
			"from": [-2, 14, 8],
			"to": [-1, 15, 9],
			"faces": {
				"north": {"uv": [12.5, 8, 13, 8.5], "texture": "#1"},
				"east": {"uv": [12.5, 8.5, 13, 9], "texture": "#1"},
				"south": {"uv": [9, 12.5, 9.5, 13], "texture": "#1"},
				"west": {"uv": [9.5, 12.5, 10, 13], "texture": "#1"},
				"up": {"uv": [10.5, 13, 10, 12.5], "texture": "#1"},
				"down": {"uv": [11, 12.5, 10.5, 13], "texture": "#1"}
			}
		},
		{
			"from": [-2, 13, 8],
			"to": [0, 14, 9],
			"faces": {
				"north": {"uv": [12, 5, 13, 5.5], "texture": "#1"},
				"east": {"uv": [11, 12.5, 11.5, 13], "texture": "#1"},
				"south": {"uv": [5.5, 12, 6.5, 12.5], "texture": "#1"},
				"west": {"uv": [11.5, 12.5, 12, 13], "texture": "#1"},
				"up": {"uv": [13, 6, 12, 5.5], "texture": "#1"},
				"down": {"uv": [7.5, 12, 6.5, 12.5], "texture": "#1"}
			}
		},
		{
			"from": [0, 13, 8],
			"to": [1, 15, 9],
			"faces": {
				"north": {"uv": [7.5, 12, 8, 13], "texture": "#1"},
				"east": {"uv": [8, 12, 8.5, 13], "texture": "#1"},
				"south": {"uv": [12, 8, 12.5, 9], "texture": "#1"},
				"west": {"uv": [8.5, 12, 9, 13], "texture": "#1"},
				"up": {"uv": [12.5, 13, 12, 12.5], "texture": "#1"},
				"down": {"uv": [13, 12, 12.5, 12.5], "texture": "#1"}
			}
		},
		{
			"from": [1, 17, 8],
			"to": [3, 18, 9],
			"faces": {
				"north": {"uv": [9, 12, 10, 12.5], "texture": "#1"},
				"east": {"uv": [12.5, 12.5, 13, 13], "texture": "#1"},
				"south": {"uv": [12, 9, 13, 9.5], "texture": "#1"},
				"west": {"uv": [0, 13, 0.5, 13.5], "texture": "#1"},
				"up": {"uv": [11, 12.5, 10, 12], "texture": "#1"},
				"down": {"uv": [13, 10, 12, 10.5], "texture": "#1"}
			}
		},
		{
			"from": [2, 16, 8],
			"to": [3, 17, 9],
			"faces": {
				"north": {"uv": [13, 0, 13.5, 0.5], "texture": "#1"},
				"east": {"uv": [0.5, 13, 1, 13.5], "texture": "#1"},
				"south": {"uv": [13, 0.5, 13.5, 1], "texture": "#1"},
				"west": {"uv": [1, 13, 1.5, 13.5], "texture": "#1"},
				"up": {"uv": [2, 13.5, 1.5, 13], "texture": "#1"},
				"down": {"uv": [2.5, 13, 2, 13.5], "texture": "#1"}
			}
		},
		{
			"from": [0, 15, 8],
			"to": [3, 16, 9],
			"faces": {
				"north": {"uv": [11.5, 9.5, 13, 10], "texture": "#1"},
				"east": {"uv": [2.5, 13, 3, 13.5], "texture": "#1"},
				"south": {"uv": [10.5, 11.5, 12, 12], "texture": "#1"},
				"west": {"uv": [3, 13, 3.5, 13.5], "texture": "#1"},
				"up": {"uv": [1.5, 12.5, 0, 12], "texture": "#1"},
				"down": {"uv": [13.5, 1, 12, 1.5], "texture": "#1"}
			}
		},
		{
			"from": [1, 12, 8],
			"to": [4, 15, 9],
			"faces": {
				"north": {"uv": [3, 2, 4.5, 3.5], "texture": "#1"},
				"east": {"uv": [3, 11, 3.5, 12.5], "texture": "#1"},
				"south": {"uv": [0, 3.5, 1.5, 5], "texture": "#1"},
				"west": {"uv": [3.5, 11, 4, 12.5], "texture": "#1"},
				"up": {"uv": [3, 12.5, 1.5, 12], "texture": "#1"},
				"down": {"uv": [13.5, 1.5, 12, 2], "texture": "#1"}
			}
		},
		{
			"from": [-2, 9, 8],
			"to": [7, 10, 9],
			"faces": {
				"north": {"uv": [1.5, 3.5, 6, 4], "texture": "#1"},
				"east": {"uv": [3.5, 13, 4, 13.5], "texture": "#1"},
				"south": {"uv": [1.5, 4, 6, 4.5], "texture": "#1"},
				"west": {"uv": [13, 3.5, 13.5, 4], "texture": "#1"},
				"up": {"uv": [6, 5, 1.5, 4.5], "texture": "#1"},
				"down": {"uv": [9, 2, 4.5, 2.5], "texture": "#1"}
			}
		},
		{
			"from": [2, 3, 8],
			"to": [7, 4, 9],
			"faces": {
				"north": {"uv": [9, 9.5, 11.5, 10], "texture": "#1"},
				"east": {"uv": [4, 13, 4.5, 13.5], "texture": "#1"},
				"south": {"uv": [0, 10, 2.5, 10.5], "texture": "#1"},
				"west": {"uv": [13, 4, 13.5, 4.5], "texture": "#1"},
				"up": {"uv": [12.5, 0.5, 10, 0], "texture": "#1"},
				"down": {"uv": [12.5, 0.5, 10, 1], "texture": "#1"}
			}
		},
		{
			"from": [1, 4, 8],
			"to": [7, 5, 9],
			"faces": {
				"north": {"uv": [8, 6.5, 11, 7], "texture": "#1"},
				"east": {"uv": [4.5, 13, 5, 13.5], "texture": "#1"},
				"south": {"uv": [7, 8, 10, 8.5], "texture": "#1"},
				"west": {"uv": [13, 4.5, 13.5, 5], "texture": "#1"},
				"up": {"uv": [11, 7.5, 8, 7], "texture": "#1"},
				"down": {"uv": [3, 8.5, 0, 9], "texture": "#1"}
			}
		},
		{
			"from": [0, 5, 8],
			"to": [6, 6, 9],
			"faces": {
				"north": {"uv": [3, 8.5, 6, 9], "texture": "#1"},
				"east": {"uv": [5, 13, 5.5, 13.5], "texture": "#1"},
				"south": {"uv": [6, 8.5, 9, 9], "texture": "#1"},
				"west": {"uv": [13, 5, 13.5, 5.5], "texture": "#1"},
				"up": {"uv": [11.5, 6.5, 8.5, 6], "texture": "#1"},
				"down": {"uv": [3, 9, 0, 9.5], "texture": "#1"}
			}
		},
		{
			"from": [-1, 6, 8],
			"to": [5, 7, 9],
			"faces": {
				"north": {"uv": [9, 2, 12, 2.5], "texture": "#1"},
				"east": {"uv": [5.5, 13, 6, 13.5], "texture": "#1"},
				"south": {"uv": [9, 2.5, 12, 3], "texture": "#1"},
				"west": {"uv": [13, 5.5, 13.5, 6], "texture": "#1"},
				"up": {"uv": [6, 9.5, 3, 9], "texture": "#1"},
				"down": {"uv": [12, 3, 9, 3.5], "texture": "#1"}
			}
		},
		{
			"from": [-2, 7, 8],
			"to": [4, 8, 9],
			"faces": {
				"north": {"uv": [9, 5, 12, 5.5], "texture": "#1"},
				"east": {"uv": [6, 13, 6.5, 13.5], "texture": "#1"},
				"south": {"uv": [9, 5.5, 12, 6], "texture": "#1"},
				"west": {"uv": [13, 6, 13.5, 6.5], "texture": "#1"},
				"up": {"uv": [9, 9.5, 6, 9], "texture": "#1"},
				"down": {"uv": [12, 8.5, 9, 9], "texture": "#1"}
			}
		},
		{
			"from": [-2, 8, 8],
			"to": [6, 9, 9],
			"faces": {
				"north": {"uv": [6, 4, 10, 4.5], "texture": "#1"},
				"east": {"uv": [6.5, 13, 7, 13.5], "texture": "#1"},
				"south": {"uv": [4.5, 6, 8.5, 6.5], "texture": "#1"},
				"west": {"uv": [13, 6.5, 13.5, 7], "texture": "#1"},
				"up": {"uv": [10, 5, 6, 4.5], "texture": "#1"},
				"down": {"uv": [4, 6.5, 0, 7], "texture": "#1"}
			}
		},
		{
			"from": [5, 7, 8],
			"to": [6, 8, 9],
			"faces": {
				"north": {"uv": [7, 13, 7.5, 13.5], "texture": "#1"},
				"east": {"uv": [13, 7, 13.5, 7.5], "texture": "#1"},
				"south": {"uv": [7.5, 13, 8, 13.5], "texture": "#1"},
				"west": {"uv": [13, 7.5, 13.5, 8], "texture": "#1"},
				"up": {"uv": [8.5, 13.5, 8, 13], "texture": "#1"},
				"down": {"uv": [13.5, 8, 13, 8.5], "texture": "#1"}
			}
		},
		{
			"from": [5, 17, 8],
			"to": [9, 18, 9],
			"faces": {
				"north": {"uv": [10, 4.5, 12, 5], "texture": "#1"},
				"east": {"uv": [8.5, 13, 9, 13.5], "texture": "#1"},
				"south": {"uv": [6.5, 10, 8.5, 10.5], "texture": "#1"},
				"west": {"uv": [13, 8.5, 13.5, 9], "texture": "#1"},
				"up": {"uv": [12, 8.5, 10, 8], "texture": "#1"},
				"down": {"uv": [10.5, 10, 8.5, 10.5], "texture": "#1"}
			}
		},
		{
			"from": [4, 16, 8],
			"to": [10, 17, 9],
			"faces": {
				"north": {"uv": [9, 9, 12, 9.5], "texture": "#1"},
				"east": {"uv": [9, 13, 9.5, 13.5], "texture": "#1"},
				"south": {"uv": [0, 9.5, 3, 10], "texture": "#1"},
				"west": {"uv": [13, 9, 13.5, 9.5], "texture": "#1"},
				"up": {"uv": [6, 10, 3, 9.5], "texture": "#1"},
				"down": {"uv": [9, 9.5, 6, 10], "texture": "#1"}
			}
		},
		{
			"from": [4, 15, 8],
			"to": [11, 16, 9],
			"faces": {
				"north": {"uv": [4, 7.5, 7.5, 8], "texture": "#1"},
				"east": {"uv": [9.5, 13, 10, 13.5], "texture": "#1"},
				"south": {"uv": [7.5, 7.5, 11, 8], "texture": "#1"},
				"west": {"uv": [13, 9.5, 13.5, 10], "texture": "#1"},
				"up": {"uv": [3.5, 8.5, 0, 8], "texture": "#1"},
				"down": {"uv": [7, 8, 3.5, 8.5], "texture": "#1"}
			}
		},
		{
			"from": [4, 14, 8],
			"to": [12, 15, 9],
			"faces": {
				"north": {"uv": [4, 6.5, 8, 7], "texture": "#1"},
				"east": {"uv": [10, 13, 10.5, 13.5], "texture": "#1"},
				"south": {"uv": [0, 7, 4, 7.5], "texture": "#1"},
				"west": {"uv": [13, 10, 13.5, 10.5], "texture": "#1"},
				"up": {"uv": [8, 7.5, 4, 7], "texture": "#1"},
				"down": {"uv": [4, 7.5, 0, 8], "texture": "#1"}
			}
		},
		{
			"from": [4, 13, 8],
			"to": [13, 14, 9],
			"faces": {
				"north": {"uv": [4.5, 2.5, 9, 3], "texture": "#1"},
				"east": {"uv": [10.5, 13, 11, 13.5], "texture": "#1"},
				"south": {"uv": [4.5, 3, 9, 3.5], "texture": "#1"},
				"west": {"uv": [13, 10.5, 13.5, 11], "texture": "#1"},
				"up": {"uv": [4.5, 5.5, 0, 5], "texture": "#1"},
				"down": {"uv": [9, 5, 4.5, 5.5], "texture": "#1"}
			}
		},
		{
			"from": [11, 9, 8],
			"to": [13, 10, 9],
			"faces": {
				"north": {"uv": [12, 10.5, 13, 11], "texture": "#1"},
				"east": {"uv": [11, 13, 11.5, 13.5], "texture": "#1"},
				"south": {"uv": [11, 12, 12, 12.5], "texture": "#1"},
				"west": {"uv": [13, 11, 13.5, 11.5], "texture": "#1"},
				"up": {"uv": [13, 11.5, 12, 11], "texture": "#1"},
				"down": {"uv": [13, 11.5, 12, 12], "texture": "#1"}
			}
		},
		{
			"from": [10, 10, 8],
			"to": [13, 11, 9],
			"faces": {
				"north": {"uv": [12, 2, 13.5, 2.5], "texture": "#1"},
				"east": {"uv": [11.5, 13, 12, 13.5], "texture": "#1"},
				"south": {"uv": [12, 2.5, 13.5, 3], "texture": "#1"},
				"west": {"uv": [13, 11.5, 13.5, 12], "texture": "#1"},
				"up": {"uv": [13.5, 3.5, 12, 3], "texture": "#1"},
				"down": {"uv": [5.5, 12, 4, 12.5], "texture": "#1"}
			}
		},
		{
			"from": [9, 11, 8],
			"to": [13, 12, 9],
			"faces": {
				"north": {"uv": [0, 10.5, 2, 11], "texture": "#1"},
				"east": {"uv": [12, 13, 12.5, 13.5], "texture": "#1"},
				"south": {"uv": [2, 10.5, 4, 11], "texture": "#1"},
				"west": {"uv": [13, 12, 13.5, 12.5], "texture": "#1"},
				"up": {"uv": [12.5, 4, 10.5, 3.5], "texture": "#1"},
				"down": {"uv": [8.5, 10.5, 6.5, 11], "texture": "#1"}
			}
		},
		{
			"from": [4, 12, 8],
			"to": [13, 13, 9],
			"faces": {
				"north": {"uv": [0, 5.5, 4.5, 6], "texture": "#1"},
				"east": {"uv": [12.5, 13, 13, 13.5], "texture": "#1"},
				"south": {"uv": [5.5, 0, 10, 0.5], "texture": "#1"},
				"west": {"uv": [13, 12.5, 13.5, 13], "texture": "#1"},
				"up": {"uv": [10, 1, 5.5, 0.5], "texture": "#1"},
				"down": {"uv": [10, 1, 5.5, 1.5], "texture": "#1"}
			}
		},
		{
			"from": [-1, 11, 8],
			"to": [8, 12, 9],
			"faces": {
				"north": {"uv": [5.5, 1.5, 10, 2], "texture": "#1"},
				"east": {"uv": [13, 13, 13.5, 13.5], "texture": "#1"},
				"south": {"uv": [4.5, 5.5, 9, 6], "texture": "#1"},
				"west": {"uv": [0, 13.5, 0.5, 14], "texture": "#1"},
				"up": {"uv": [4.5, 6.5, 0, 6], "texture": "#1"},
				"down": {"uv": [10.5, 3.5, 6, 4], "texture": "#1"}
			}
		},
		{
			"from": [-2, 10, 8],
			"to": [9, 11, 9],
			"faces": {
				"north": {"uv": [0, 0, 5.5, 0.5], "texture": "#1"},
				"east": {"uv": [13.5, 0, 14, 0.5], "texture": "#1"},
				"south": {"uv": [0, 0.5, 5.5, 1], "texture": "#1"},
				"west": {"uv": [0.5, 13.5, 1, 14], "texture": "#1"},
				"up": {"uv": [5.5, 1.5, 0, 1], "texture": "#1"},
				"down": {"uv": [5.5, 1.5, 0, 2], "texture": "#1"}
			}
		}
	],
	"display": {
		"thirdperson_righthand": {
			"rotation": [45, -90, 0],
			"translation": [0, 4.5, 1.75]
		},
		"thirdperson_lefthand": {
			"rotation": [0, 90, 45],
			"translation": [-1, 4.5, 1.75]
		},
		"firstperson_righthand": {
			"rotation": [45, -90, 0],
			"translation": [0, 4.5, 2]
		},
		"firstperson_lefthand": {
			"rotation": [0, 90, 45],
			"translation": [-1, 4.5, 2]
		},
		"ground": {
			"translation": [0, 4.75, 0],
			"scale": [0.6, 0.6, 0.6]
		},
		"gui": {
			"rotation": [0, 180, 0],
			"translation": [-0.75, -0.5, 0],
			"scale": [0.8, 0.8, 0.8]
		},
		"head": {
			"rotation": [90.75, 90, 0],
			"translation": [-0.5, 12.75, -9],
			"scale": [1.2, 1.2, 1.2]
		},
		"fixed": {
			"translation": [1, -0.75, 0]
		}
	},
	"groups": [
		{
			"name": "netherite_axe",
			"origin": [8, 8, 8],
			"color": 0,
			"nbt": "{}",
			"children": [0, 1, 2, 3, 4, 5, 6, 7, 8, 9, 10, 11, 12, 13, 14, 15, 16, 17, 18, 19, 20, 21, 22, 23, 24, 25, 26, 27, 28, 29, 30, 31, 32, 33, 34]
		}
	]
}