{
	"credit": "",
	"texture_size": [32, 32],
	"textures": {
		"0": "./crusible_sword",
		"particle": "./crusible_sword"
	},
	"elements": [
		{
			"from": [8, 10, 7],
			"to": [9, 11, 8],
			"faces": {
				"north": {"uv": [13, 7.5, 13.5, 8], "texture": "#0"},
				"east": {"uv": [8, 13, 8.5, 13.5], "texture": "#0"},
				"south": {"uv": [13, 8, 13.5, 8.5], "texture": "#0"},
				"west": {"uv": [13, 8.5, 13.5, 9], "texture": "#0"},
				"up": {"uv": [9.5, 13.5, 9, 13], "texture": "#0"},
				"down": {"uv": [13.5, 9, 13, 9.5], "texture": "#0"}
			}
		},
		{
			"from": [4, 7, 7],
			"to": [6, 8, 8],
			"faces": {
				"north": {"uv": [12, 12, 13, 12.5], "texture": "#0"},
				"east": {"uv": [9.5, 13, 10, 13.5], "texture": "#0"},
				"south": {"uv": [12.5, 1.5, 13.5, 2], "texture": "#0"},
				"west": {"uv": [10, 13, 10.5, 13.5], "texture": "#0"},
				"up": {"uv": [13.5, 2.5, 12.5, 2], "texture": "#0"},
				"down": {"uv": [13.5, 2.5, 12.5, 3], "texture": "#0"}
			}
		},
		{
			"from": [3, 8, 7],
			"to": [5, 9, 8],
			"faces": {
				"north": {"uv": [12.5, 3, 13.5, 3.5], "texture": "#0"},
				"east": {"uv": [10.5, 13, 11, 13.5], "texture": "#0"},
				"south": {"uv": [12.5, 3.5, 13.5, 4], "texture": "#0"},
				"west": {"uv": [13, 11, 13.5, 11.5], "texture": "#0"},
				"up": {"uv": [13.5, 4.5, 12.5, 4], "texture": "#0"},
				"down": {"uv": [13.5, 4.5, 12.5, 5], "texture": "#0"}
			}
		},
		{
			"from": [2, 9, 7],
			"to": [5, 10, 8],
			"faces": {
				"north": {"uv": [7.5, 1.5, 9, 2], "texture": "#0"},
				"east": {"uv": [13, 12, 13.5, 12.5], "texture": "#0"},
				"south": {"uv": [11.5, 0, 13, 0.5], "texture": "#0"},
				"west": {"uv": [13, 12.5, 13.5, 13], "texture": "#0"},
				"up": {"uv": [13, 1, 11.5, 0.5], "texture": "#0"},
				"down": {"uv": [13, 1, 11.5, 1.5], "texture": "#0"}
			}
		},
		{
			"from": [1, 10, 7],
			"to": [5, 11, 8],
			"faces": {
				"north": {"uv": [9, 6.5, 11, 7], "texture": "#0"},
				"east": {"uv": [13, 13, 13.5, 13.5], "texture": "#0"},
				"south": {"uv": [10, 1.5, 12, 2], "texture": "#0"},
				"west": {"uv": [0, 13.5, 0.5, 14], "texture": "#0"},
				"up": {"uv": [12, 2.5, 10, 2], "texture": "#0"},
				"down": {"uv": [12, 2.5, 10, 3], "texture": "#0"}
			}
		},
		{
			"from": [5, 11, 7],
			"to": [9, 12, 8],
			"faces": {
				"north": {"uv": [10, 3, 12, 3.5], "texture": "#0"},
				"east": {"uv": [13.5, 0, 14, 0.5], "texture": "#0"},
				"south": {"uv": [10, 3.5, 12, 4], "texture": "#0"},
				"west": {"uv": [0.5, 13.5, 1, 14], "texture": "#0"},
				"up": {"uv": [12, 4.5, 10, 4], "texture": "#0"},
				"down": {"uv": [12, 4.5, 10, 5], "texture": "#0"}
			}
		},
		{
			"from": [0, 11, 7],
			"to": [4, 12, 8],
			"faces": {
				"north": {"uv": [10, 5, 12, 5.5], "texture": "#0"},
				"east": {"uv": [13.5, 0.5, 14, 1], "texture": "#0"},
				"south": {"uv": [10, 5.5, 12, 6], "texture": "#0"},
				"west": {"uv": [1, 13.5, 1.5, 14], "texture": "#0"},
				"up": {"uv": [12, 6.5, 10, 6], "texture": "#0"},
				"down": {"uv": [12, 7, 10, 7.5], "texture": "#0"}
			}
		},
		{
			"from": [4, 12, 7],
			"to": [8, 13, 8],
			"faces": {
				"north": {"uv": [10, 7.5, 12, 8], "texture": "#0"},
				"east": {"uv": [1.5, 13.5, 2, 14], "texture": "#0"},
				"south": {"uv": [10, 8, 12, 8.5], "texture": "#0"},
				"west": {"uv": [13.5, 1.5, 14, 2], "texture": "#0"},
				"up": {"uv": [12, 9, 10, 8.5], "texture": "#0"},
				"down": {"uv": [12, 9, 10, 9.5], "texture": "#0"}
			}
		},
		{
			"from": [-1, 12, 7],
			"to": [3, 13, 8],
			"faces": {
				"north": {"uv": [10, 9.5, 12, 10], "texture": "#0"},
				"east": {"uv": [2, 13.5, 2.5, 14], "texture": "#0"},
				"south": {"uv": [10, 10, 12, 10.5], "texture": "#0"},
				"west": {"uv": [13.5, 2, 14, 2.5], "texture": "#0"},
				"up": {"uv": [12, 11, 10, 10.5], "texture": "#0"},
				"down": {"uv": [6, 11, 4, 11.5], "texture": "#0"}
			}
		},
		{
			"from": [-2, 13, 7],
			"to": [7, 14, 8],
			"faces": {
				"north": {"uv": [0, 2, 4.5, 2.5], "texture": "#0"},
				"east": {"uv": [2.5, 13.5, 3, 14], "texture": "#0"},
				"south": {"uv": [0, 2.5, 4.5, 3], "texture": "#0"},
				"west": {"uv": [13.5, 2.5, 14, 3], "texture": "#0"},
				"up": {"uv": [4.5, 3.5, 0, 3], "texture": "#0"},
				"down": {"uv": [7.5, 0, 3, 0.5], "texture": "#0"}
			}
		},
		{
			"from": [-3, 14, 7],
			"to": [6, 15, 8],
			"faces": {
				"north": {"uv": [3, 0.5, 7.5, 1], "texture": "#0"},
				"east": {"uv": [3, 13.5, 3.5, 14], "texture": "#0"},
				"south": {"uv": [3, 1, 7.5, 1.5], "texture": "#0"},
				"west": {"uv": [13.5, 3, 14, 3.5], "texture": "#0"},
				"up": {"uv": [7.5, 2, 3, 1.5], "texture": "#0"},
				"down": {"uv": [4.5, 3.5, 0, 4], "texture": "#0"}
			}
		},
		{
			"from": [-4, 15, 7],
			"to": [5, 16, 8],
			"faces": {
				"north": {"uv": [0, 4, 4.5, 4.5], "texture": "#0"},
				"east": {"uv": [3.5, 13.5, 4, 14], "texture": "#0"},
				"south": {"uv": [0, 4.5, 4.5, 5], "texture": "#0"},
				"west": {"uv": [13.5, 3.5, 14, 4], "texture": "#0"},
				"up": {"uv": [9, 2.5, 4.5, 2], "texture": "#0"},
				"down": {"uv": [9, 2.5, 4.5, 3], "texture": "#0"}
			}
		},
		{
			"from": [-5, 16, 7],
			"to": [4, 17, 8],
			"faces": {
				"north": {"uv": [4.5, 3, 9, 3.5], "texture": "#0"},
				"east": {"uv": [4, 13.5, 4.5, 14], "texture": "#0"},
				"south": {"uv": [4.5, 3.5, 9, 4], "texture": "#0"},
				"west": {"uv": [13.5, 4, 14, 4.5], "texture": "#0"},
				"up": {"uv": [9, 4.5, 4.5, 4], "texture": "#0"},
				"down": {"uv": [9, 4.5, 4.5, 5], "texture": "#0"}
			}
		},
		{
			"from": [-6, 17, 7],
			"to": [3, 18, 8],
			"faces": {
				"north": {"uv": [0, 5, 4.5, 5.5], "texture": "#0"},
				"east": {"uv": [4.5, 13.5, 5, 14], "texture": "#0"},
				"south": {"uv": [4.5, 5, 9, 5.5], "texture": "#0"},
				"west": {"uv": [13.5, 4.5, 14, 5], "texture": "#0"},
				"up": {"uv": [4.5, 6, 0, 5.5], "texture": "#0"},
				"down": {"uv": [9, 5.5, 4.5, 6], "texture": "#0"}
			}
		},
		{
			"from": [-7, 18, 7],
			"to": [2, 19, 8],
			"faces": {
				"north": {"uv": [0, 6, 4.5, 6.5], "texture": "#0"},
				"east": {"uv": [5, 13.5, 5.5, 14], "texture": "#0"},
				"south": {"uv": [4.5, 6, 9, 6.5], "texture": "#0"},
				"west": {"uv": [13.5, 5, 14, 5.5], "texture": "#0"},
				"up": {"uv": [4.5, 7, 0, 6.5], "texture": "#0"},
				"down": {"uv": [9, 6.5, 4.5, 7], "texture": "#0"}
			}
		},
		{
			"from": [-7, 19, 7],
			"to": [1, 20, 8],
			"faces": {
				"north": {"uv": [6, 7, 10, 7.5], "texture": "#0"},
				"east": {"uv": [13.5, 5.5, 14, 6], "texture": "#0"},
				"south": {"uv": [7.5, 0, 11.5, 0.5], "texture": "#0"},
				"west": {"uv": [13.5, 6, 14, 6.5], "texture": "#0"},
				"up": {"uv": [11.5, 1, 7.5, 0.5], "texture": "#0"},
				"down": {"uv": [11.5, 1, 7.5, 1.5], "texture": "#0"}
			}
		},
		{
			"from": [-3, 20, 7],
			"to": [0, 24, 8],
			"faces": {
				"north": {"uv": [0, 0, 1.5, 2], "texture": "#0"},
				"east": {"uv": [6, 11, 6.5, 13], "texture": "#0"},
				"south": {"uv": [1.5, 0, 3, 2], "texture": "#0"},
				"west": {"uv": [6.5, 11, 7, 13], "texture": "#0"},
				"up": {"uv": [5.5, 12, 4, 11.5], "texture": "#0"},
				"down": {"uv": [12.5, 11.5, 11, 12], "texture": "#0"}
			}
		},
		{
			"from": [0, 22, 7],
			"to": [2, 24, 8],
			"faces": {
				"north": {"uv": [7, 11, 8, 12], "texture": "#0"},
				"east": {"uv": [12.5, 5, 13, 6], "texture": "#0"},
				"south": {"uv": [8, 11, 9, 12], "texture": "#0"},
				"west": {"uv": [7, 12.5, 7.5, 13.5], "texture": "#0"},
				"up": {"uv": [13.5, 7.5, 12.5, 7], "texture": "#0"},
				"down": {"uv": [8.5, 12.5, 7.5, 13], "texture": "#0"}
			}
		},
		{
			"from": [0, 21, 7],
			"to": [1, 22, 8],
			"faces": {
				"north": {"uv": [7, 13.5, 7.5, 14], "texture": "#0"},
				"east": {"uv": [13.5, 7, 14, 7.5], "texture": "#0"},
				"south": {"uv": [13.5, 7.5, 14, 8], "texture": "#0"},
				"west": {"uv": [8, 13.5, 8.5, 14], "texture": "#0"},
				"up": {"uv": [14, 8.5, 13.5, 8], "texture": "#0"},
				"down": {"uv": [9, 13.5, 8.5, 14], "texture": "#0"}
			}
		},
		{
			"from": [-4, 20, 7],
			"to": [-3, 23, 8],
			"faces": {
				"north": {"uv": [5.5, 11.5, 6, 13], "texture": "#0"},
				"east": {"uv": [12, 1.5, 12.5, 3], "texture": "#0"},
				"south": {"uv": [12, 3, 12.5, 4.5], "texture": "#0"},
				"west": {"uv": [4, 12, 4.5, 13.5], "texture": "#0"},
				"up": {"uv": [14, 9, 13.5, 8.5], "texture": "#0"},
				"down": {"uv": [9.5, 13.5, 9, 14], "texture": "#0"}
			}
		},
		{
			"from": [-5, 20, 7],
			"to": [-4, 22, 8],
			"faces": {
				"north": {"uv": [12.5, 7.5, 13, 8.5], "texture": "#0"},
				"east": {"uv": [12.5, 8.5, 13, 9.5], "texture": "#0"},
				"south": {"uv": [12, 12.5, 12.5, 13.5], "texture": "#0"},
				"west": {"uv": [12.5, 12.5, 13, 13.5], "texture": "#0"},
				"up": {"uv": [14, 9.5, 13.5, 9], "texture": "#0"},
				"down": {"uv": [10, 13.5, 9.5, 14], "texture": "#0"}
			}
		},
		{
			"from": [-6, 20, 7],
			"to": [-5, 21, 8],
			"faces": {
				"north": {"uv": [13.5, 9.5, 14, 10], "texture": "#0"},
				"east": {"uv": [10, 13.5, 10.5, 14], "texture": "#0"},
				"south": {"uv": [13.5, 10, 14, 10.5], "texture": "#0"},
				"west": {"uv": [10.5, 13.5, 11, 14], "texture": "#0"},
				"up": {"uv": [14, 11, 13.5, 10.5], "texture": "#0"},
				"down": {"uv": [11.5, 13.5, 11, 14], "texture": "#0"}
			}
		},
		{
			"from": [-8, 14, 7],
			"to": [-7, 19, 8],
			"faces": {
				"north": {"uv": [4, 8.5, 4.5, 11], "texture": "#0"},
				"east": {"uv": [4.5, 8.5, 5, 11], "texture": "#0"},
				"south": {"uv": [5, 8.5, 5.5, 11], "texture": "#0"},
				"west": {"uv": [5.5, 8.5, 6, 11], "texture": "#0"},
				"up": {"uv": [14, 11.5, 13.5, 11], "texture": "#0"},
				"down": {"uv": [12, 13.5, 11.5, 14], "texture": "#0"}
			}
		},
		{
			"from": [-7, 14, 7],
			"to": [-6, 18, 8],
			"faces": {
				"north": {"uv": [9, 11, 9.5, 13], "texture": "#0"},
				"east": {"uv": [9.5, 11, 10, 13], "texture": "#0"},
				"south": {"uv": [10, 11, 10.5, 13], "texture": "#0"},
				"west": {"uv": [10.5, 11, 11, 13], "texture": "#0"},
				"up": {"uv": [14, 12, 13.5, 11.5], "texture": "#0"},
				"down": {"uv": [12.5, 13.5, 12, 14], "texture": "#0"}
			}
		},
		{
			"from": [-6, 15, 7],
			"to": [-5, 17, 8],
			"faces": {
				"north": {"uv": [13, 0, 13.5, 1], "texture": "#0"},
				"east": {"uv": [13, 5, 13.5, 6], "texture": "#0"},
				"south": {"uv": [5.5, 13, 6, 14], "texture": "#0"},
				"west": {"uv": [6, 13, 6.5, 14], "texture": "#0"},
				"up": {"uv": [14, 12.5, 13.5, 12], "texture": "#0"},
				"down": {"uv": [13, 13.5, 12.5, 14], "texture": "#0"}
			}
		},
		{
			"from": [11, 8, 7],
			"to": [13, 9, 8],
			"faces": {
				"north": {"uv": [12.5, 9.5, 13.5, 10], "texture": "#0"},
				"east": {"uv": [4.5, 14, 5, 14.5], "texture": "#0"},
				"south": {"uv": [12.5, 11.5, 13.5, 12], "texture": "#0"},
				"west": {"uv": [14, 4.5, 14.5, 5], "texture": "#0"},
				"up": {"uv": [14, 1.5, 13, 1], "texture": "#0"},
				"down": {"uv": [14, 6.5, 13, 7], "texture": "#0"}
			}
		},
		{
			"from": [7, 3, 7],
			"to": [8, 8, 8],
			"faces": {
				"north": {"uv": [9, 8.5, 9.5, 11], "texture": "#0"},
				"east": {"uv": [9.5, 1.5, 10, 4], "texture": "#0"},
				"south": {"uv": [9.5, 4, 10, 6.5], "texture": "#0"},
				"west": {"uv": [9.5, 8.5, 10, 11], "texture": "#0"},
				"up": {"uv": [4.5, 14.5, 4, 14], "texture": "#0"},
				"down": {"uv": [14.5, 4, 14, 4.5], "texture": "#0"}
			}
		},
		{
			"from": [5, 2, 7],
			"to": [6, 6, 8],
			"faces": {
				"north": {"uv": [2, 11.5, 2.5, 13.5], "texture": "#0"},
				"east": {"uv": [2.5, 11.5, 3, 13.5], "texture": "#0"},
				"south": {"uv": [3, 11.5, 3.5, 13.5], "texture": "#0"},
				"west": {"uv": [3.5, 11.5, 4, 13.5], "texture": "#0"},
				"up": {"uv": [4, 14.5, 3.5, 14], "texture": "#0"},
				"down": {"uv": [14.5, 3.5, 14, 4], "texture": "#0"}
			}
		},
		{
			"from": [6, 2, 7],
			"to": [7, 8, 8],
			"faces": {
				"north": {"uv": [2, 8.5, 2.5, 11.5], "texture": "#0"},
				"east": {"uv": [2.5, 8.5, 3, 11.5], "texture": "#0"},
				"south": {"uv": [3, 8.5, 3.5, 11.5], "texture": "#0"},
				"west": {"uv": [3.5, 8.5, 4, 11.5], "texture": "#0"},
				"up": {"uv": [3.5, 14.5, 3, 14], "texture": "#0"},
				"down": {"uv": [14.5, 3, 14, 3.5], "texture": "#0"}
			}
		},
		{
			"from": [5, 8, 7],
			"to": [8, 11, 8],
			"faces": {
				"north": {"uv": [3, 7, 4.5, 8.5], "texture": "#0"},
				"east": {"uv": [11, 12, 11.5, 13.5], "texture": "#0"},
				"south": {"uv": [4.5, 7, 6, 8.5], "texture": "#0"},
				"west": {"uv": [11.5, 12, 12, 13.5], "texture": "#0"},
				"up": {"uv": [13.5, 10.5, 12, 10], "texture": "#0"},
				"down": {"uv": [13.5, 10.5, 12, 11], "texture": "#0"}
			}
		},
		{
			"from": [8, 5, 7],
			"to": [9, 10, 8],
			"faces": {
				"north": {"uv": [8, 8.5, 8.5, 11], "texture": "#0"},
				"east": {"uv": [8.5, 8.5, 9, 11], "texture": "#0"},
				"south": {"uv": [9, 1.5, 9.5, 4], "texture": "#0"},
				"west": {"uv": [9, 4, 9.5, 6.5], "texture": "#0"},
				"up": {"uv": [3, 14.5, 2.5, 14], "texture": "#0"},
				"down": {"uv": [14.5, 2.5, 14, 3], "texture": "#0"}
			}
		},
		{
			"from": [9, 4, 7],
			"to": [10, 10, 8],
			"faces": {
				"north": {"uv": [0, 8.5, 0.5, 11.5], "texture": "#0"},
				"east": {"uv": [0.5, 8.5, 1, 11.5], "texture": "#0"},
				"south": {"uv": [1, 8.5, 1.5, 11.5], "texture": "#0"},
				"west": {"uv": [1.5, 8.5, 2, 11.5], "texture": "#0"},
				"up": {"uv": [2.5, 14.5, 2, 14], "texture": "#0"},
				"down": {"uv": [14.5, 2, 14, 2.5], "texture": "#0"}
			}
		},
		{
			"from": [10, 4, 7],
			"to": [11, 9, 8],
			"faces": {
				"north": {"uv": [6, 8.5, 6.5, 11], "texture": "#0"},
				"east": {"uv": [6.5, 8.5, 7, 11], "texture": "#0"},
				"south": {"uv": [7, 8.5, 7.5, 11], "texture": "#0"},
				"west": {"uv": [7.5, 8.5, 8, 11], "texture": "#0"},
				"up": {"uv": [2, 14.5, 1.5, 14], "texture": "#0"},
				"down": {"uv": [14.5, 1.5, 14, 2], "texture": "#0"}
			}
		},
		{
			"from": [11, 3, 7],
			"to": [12, 7, 8],
			"faces": {
				"north": {"uv": [0, 11.5, 0.5, 13.5], "texture": "#0"},
				"east": {"uv": [0.5, 11.5, 1, 13.5], "texture": "#0"},
				"south": {"uv": [1, 11.5, 1.5, 13.5], "texture": "#0"},
				"west": {"uv": [1.5, 11.5, 2, 13.5], "texture": "#0"},
				"up": {"uv": [1.5, 14.5, 1, 14], "texture": "#0"},
				"down": {"uv": [14.5, 1, 14, 1.5], "texture": "#0"}
			}
		},
		{
			"from": [12, 2, 7],
			"to": [13, 5, 8],
			"faces": {
				"north": {"uv": [5, 12, 5.5, 13.5], "texture": "#0"},
				"east": {"uv": [12, 7, 12.5, 8.5], "texture": "#0"},
				"south": {"uv": [8.5, 12, 9, 13.5], "texture": "#0"},
				"west": {"uv": [12, 8.5, 12.5, 10], "texture": "#0"},
				"up": {"uv": [1, 14.5, 0.5, 14], "texture": "#0"},
				"down": {"uv": [14.5, 0.5, 14, 1], "texture": "#0"}
			}
		},
		{
			"from": [13, 3, 7],
			"to": [14, 4, 8],
			"faces": {
				"north": {"uv": [13.5, 12.5, 14, 13], "texture": "#0"},
				"east": {"uv": [13, 13.5, 13.5, 14], "texture": "#0"},
				"south": {"uv": [13.5, 13, 14, 13.5], "texture": "#0"},
				"west": {"uv": [13.5, 13.5, 14, 14], "texture": "#0"},
				"up": {"uv": [0.5, 14.5, 0, 14], "texture": "#0"},
				"down": {"uv": [14.5, 0, 14, 0.5], "texture": "#0"}
			}
		},
		{
			"from": [13, 0, 7],
			"to": [16, 3, 8],
			"faces": {
				"north": {"uv": [0, 7, 1.5, 8.5], "texture": "#0"},
				"east": {"uv": [4.5, 12, 5, 13.5], "texture": "#0"},
				"south": {"uv": [1.5, 7, 3, 8.5], "texture": "#0"},
				"west": {"uv": [12, 4.5, 12.5, 6], "texture": "#0"},
				"up": {"uv": [13.5, 6.5, 12, 6], "texture": "#0"},
				"down": {"uv": [8.5, 12, 7, 12.5], "texture": "#0"}
			}
		},
		{
			"from": [10, 9, 7],
			"to": [14, 11, 8],
			"faces": {
				"north": {"uv": [6, 7.5, 8, 8.5], "texture": "#0"},
				"east": {"uv": [6.5, 13, 7, 14], "texture": "#0"},
				"south": {"uv": [8, 7.5, 10, 8.5], "texture": "#0"},
				"west": {"uv": [7.5, 13, 8, 14], "texture": "#0"},
				"up": {"uv": [13, 7, 11, 6.5], "texture": "#0"},
				"down": {"uv": [13, 11, 11, 11.5], "texture": "#0"}
			}
		}
	],
	"display": {
		"thirdperson_righthand": {
			"rotation": [45, -90, 0],
			"translation": [-1, 4.25, 1.75]
		},
		"thirdperson_lefthand": {
			"rotation": [0, 90, 45],
			"translation": [0, 4.25, 1.75]
		},
		"firstperson_righthand": {
			"rotation": [45, -90, 0],
			"translation": [1, 1.25, 0]
		},
		"firstperson_lefthand": {
			"rotation": [0, 90, 45],
			"translation": [1, 1.25, 0]
		},
		"ground": {
			"translation": [0.5, 4, 0.75],
			"scale": [0.5, 0.5, 0.5]
		},
		"gui": {
			"rotation": [180, 0, 180],
			"translation": [-2.65, -2.6, 0],
			"scale": [0.65, 0.65, 0.65]
		},
		"head": {
			"rotation": [90, 90, 0],
			"translation": [1, 12.25, -12.25]
		},
		"fixed": {
			"translation": [3.25, -3.25, 1],
			"scale": [0.8, 0.8, 0.8]
		}
	},
	"groups": [
		{
			"name": "netherite_sword",
			"origin": [0, 0, 0],
			"color": 0,
			"nbt": "{}",
			"children": [0, 1, 2, 3, 4, 5, 6, 7, 8, 9, 10, 11, 12, 13, 14, 15, 16, 17, 18, 19, 20, 21, 22, 23, 24, 25, 26, 27, 28, 29, 30, 31, 32, 33, 34, 35, 36, 37]
		}
	]
}