{
	"credit": "Made with Blockbench",
	"parent": "Crossbow",
	"texture_size": [64, 64],
	"textures": {
		"0": "block/dark_oak_planks",
		"1": "block/blast_furnace_side",
		"2": "block/nether_bricks",
		"3": "block/smooth_stone",
		"4": "block/hopper_top",
		"5": "block/furnace_top",
		"particle": "block/dark_oak_planks"
	},
	"elements": [
		{
			"from": [4.53251, 7.79922, 5.5],
			"to": [5.03251, 7.92922, 14.5],
			"rotation": {"angle": 22.5, "axis": "z", "origin": [12.53251, 15.79922, 19.5]},
			"faces": {
				"north": {"uv": [9, 10, 9, 10], "texture": "#0"},
				"east": {"uv": [0, 10, 9, 10], "texture": "#0"},
				"south": {"uv": [18, 10, 18, 10], "texture": "#0"},
				"west": {"uv": [9, 10, 18, 10], "texture": "#0"},
				"up": {"uv": [9, 10, 9, 1], "texture": "#0"},
				"down": {"uv": [9, 1, 9, 10], "texture": "#0"}
			}
		},
		{
			"from": [12.20531, 7.99056, 5.5],
			"to": [12.33531, 8.49056, 14.5],
			"rotation": {"angle": -22.5, "axis": "z", "origin": [4.33531, 15.99056, 19.5]},
			"faces": {
				"north": {"uv": [10, 11, 10, 11], "texture": "#0"},
				"east": {"uv": [1, 11, 10, 11], "texture": "#0"},
				"south": {"uv": [19, 11, 19, 11], "texture": "#0"},
				"west": {"uv": [10, 11, 19, 11], "texture": "#0"},
				"up": {"uv": [10, 11, 10, 2], "texture": "#0"},
				"down": {"uv": [10, 2, 10, 11], "texture": "#0"}
			}
		},
		{
			"from": [9.6935, 1.86763, 5.5],
			"to": [10.1935, 1.99763, 14.5],
			"rotation": {"angle": -22.5, "axis": "z", "origin": [17.6935, 9.86763, 19.5]},
			"faces": {
				"north": {"uv": [11, 12, 11, 12], "texture": "#0"},
				"east": {"uv": [2, 12, 11, 12], "texture": "#0"},
				"south": {"uv": [20, 12, 20, 12], "texture": "#0"},
				"west": {"uv": [11, 12, 20, 12], "texture": "#0"},
				"up": {"uv": [11, 12, 11, 3], "texture": "#0"},
				"down": {"uv": [11, 3, 11, 12], "texture": "#0"}
			}
		},
		{
			"from": [9.50216, 9.17043, 5.5],
			"to": [9.63216, 9.67043, 14.5],
			"rotation": {"angle": 22.5, "axis": "z", "origin": [17.50216, 1.67043, 19.5]},
			"faces": {
				"north": {"uv": [12, 13, 12, 13], "texture": "#0"},
				"east": {"uv": [3, 13, 12, 13], "texture": "#0"},
				"south": {"uv": [21, 13, 21, 13], "texture": "#0"},
				"west": {"uv": [12, 13, 21, 13], "texture": "#0"},
				"up": {"uv": [12, 13, 12, 4], "texture": "#0"},
				"down": {"uv": [12, 4, 12, 13], "texture": "#0"}
			}
		},
		{
			"from": [7.70294, 5.34672, 5.5],
			"to": [8.20294, 5.47672, 14.5],
			"rotation": {"angle": 0, "axis": "y", "origin": [15.70294, 13.34672, 19.5]},
			"faces": {
				"north": {"uv": [13, 14, 13, 14], "texture": "#0"},
				"east": {"uv": [4, 14, 13, 14], "texture": "#0"},
				"south": {"uv": [22, 14, 22, 14], "texture": "#0"},
				"west": {"uv": [13, 14, 22, 14], "texture": "#0"},
				"up": {"uv": [13, 14, 13, 5], "texture": "#0"},
				"down": {"uv": [13, 5, 13, 14], "texture": "#0"}
			}
		},
		{
			"from": [4.53251, 4.07078, 5.5],
			"to": [5.03251, 4.20078, 14.5],
			"rotation": {"angle": -22.5, "axis": "z", "origin": [12.53251, -3.79922, 19.5]},
			"faces": {
				"north": {"uv": [13.5, 14, 13.5, 14], "texture": "#0"},
				"east": {"uv": [4.5, 14, 13.5, 14], "texture": "#0"},
				"south": {"uv": [22.5, 14, 22.5, 14], "texture": "#0"},
				"west": {"uv": [13.5, 14, 22.5, 14], "texture": "#0"},
				"up": {"uv": [13.5, 14, 13.5, 5], "texture": "#0"},
				"down": {"uv": [13.5, 5, 13.5, 14], "texture": "#0"}
			}
		},
		{
			"from": [12.20531, 3.50944, 5.5],
			"to": [12.33531, 4.00944, 14.5],
			"rotation": {"angle": 22.5, "axis": "z", "origin": [4.33531, -3.99056, 19.5]},
			"faces": {
				"north": {"uv": [14.5, 14.5, 14.5, 14.5], "texture": "#0"},
				"east": {"uv": [5.5, 14.5, 14.5, 14.5], "texture": "#0"},
				"south": {"uv": [23.5, 14.5, 23.5, 14.5], "texture": "#0"},
				"west": {"uv": [14.5, 14.5, 23.5, 14.5], "texture": "#0"},
				"up": {"uv": [14.5, 14.5, 14.5, 5.5], "texture": "#0"},
				"down": {"uv": [14.5, 5.5, 14.5, 14.5], "texture": "#0"}
			}
		},
		{
			"from": [9.6935, 10.00237, 5.5],
			"to": [10.1935, 10.13237, 14.5],
			"rotation": {"angle": 22.5, "axis": "z", "origin": [17.6935, 2.13237, 19.5]},
			"faces": {
				"north": {"uv": [14.5, 15, 14.5, 15], "texture": "#0"},
				"east": {"uv": [5.5, 15, 14.5, 15], "texture": "#0"},
				"south": {"uv": [23.5, 15, 23.5, 15], "texture": "#0"},
				"west": {"uv": [14.5, 15, 23.5, 15], "texture": "#0"},
				"up": {"uv": [14.5, 15, 14.5, 6], "texture": "#0"},
				"down": {"uv": [14.5, 6, 14.5, 15], "texture": "#0"}
			}
		},
		{
			"from": [9.50216, 2.32957, 5.5],
			"to": [9.63216, 2.82957, 14.5],
			"rotation": {"angle": -22.5, "axis": "z", "origin": [17.50216, 10.32957, 19.5]},
			"faces": {
				"north": {"uv": [15.5, 15.5, 15.5, 15.5], "texture": "#0"},
				"east": {"uv": [6.5, 15.5, 15.5, 15.5], "texture": "#0"},
				"south": {"uv": [24.5, 15.5, 24.5, 15.5], "texture": "#0"},
				"west": {"uv": [15.5, 15.5, 24.5, 15.5], "texture": "#0"},
				"up": {"uv": [15.5, 15.5, 15.5, 6.5], "texture": "#0"},
				"down": {"uv": [15.5, 6.5, 15.5, 15.5], "texture": "#0"}
			}
		},
		{
			"from": [7.70294, 6.52328, 5.5],
			"to": [8.20294, 6.65328, 14.5],
			"rotation": {"angle": 0, "axis": "y", "origin": [15.70294, -1.34672, 19.5]},
			"faces": {
				"north": {"uv": [15.5, 16, 15.5, 16], "texture": "#0"},
				"east": {"uv": [6.5, 16, 15.5, 16], "texture": "#0"},
				"south": {"uv": [24.5, 16, 24.5, 16], "texture": "#0"},
				"west": {"uv": [15.5, 16, 24.5, 16], "texture": "#0"},
				"up": {"uv": [15.5, 16, 15.5, 7], "texture": "#0"},
				"down": {"uv": [15.5, 7, 15.5, 16], "texture": "#0"}
			}
		},
		{
			"from": [7.25, -2.125, 9.55],
			"to": [8.75, -0.875, 10.65],
			"rotation": {"angle": 45, "axis": "x", "origin": [15.25, 7.875, 17.15]},
			"faces": {
				"north": {"uv": [0.25, 0.625, 0.625, 0.9375], "texture": "#0"},
				"east": {"uv": [0, 0.625, 0.275, 0.9375], "texture": "#0"},
				"south": {"uv": [0.75, 0.625, 1.125, 0.9375], "texture": "#0"},
				"west": {"uv": [0.5, 0.625, 0.775, 0.9375], "texture": "#0"},
				"up": {"uv": [0.5, 0.625, 0.875, 0.9], "texture": "#0"},
				"down": {"uv": [0.75, 0.375, 1.125, 0.65], "texture": "#0"}
			}
		},
		{
			"from": [3.72594, 8.79922, 0.5],
			"to": [4.22594, 8.92922, 11.5],
			"rotation": {"angle": 22.5, "axis": "z", "origin": [11.72594, 16.79922, 19.5]},
			"faces": {
				"north": {"uv": [11, 11, 11, 11], "texture": "#5"},
				"east": {"uv": [0, 11, 11, 11], "texture": "#5"},
				"south": {"uv": [22, 11, 22, 11], "texture": "#5"},
				"west": {"uv": [11, 11, 22, 11], "texture": "#5"},
				"up": {"uv": [11, 11, 11, 0], "texture": "#5"},
				"down": {"uv": [11, 0, 11, 11], "texture": "#5"}
			}
		},
		{
			"from": [11.39874, 8.99056, 0.5],
			"to": [11.52874, 9.49056, 11.5],
			"rotation": {"angle": -22.5, "axis": "z", "origin": [3.52874, 16.99056, 19.5]},
			"faces": {
				"north": {"uv": [2.75, 8, 2.75, 8], "texture": "#5"},
				"east": {"uv": [0, 8, 2.75, 8], "texture": "#5"},
				"south": {"uv": [5.5, 8, 5.5, 8], "texture": "#5"},
				"west": {"uv": [2.75, 8, 5.5, 8], "texture": "#5"},
				"up": {"uv": [2.75, 8, 2.75, 5.25], "texture": "#5"},
				"down": {"uv": [2.75, 5.25, 2.75, 8], "texture": "#5"}
			}
		},
		{
			"from": [8.88694, 2.86763, 0.5],
			"to": [9.38694, 2.99763, 11.5],
			"rotation": {"angle": -22.5, "axis": "z", "origin": [16.88694, 10.86763, 19.5]},
			"faces": {
				"north": {"uv": [2.75, 8, 2.75, 8], "texture": "#5"},
				"east": {"uv": [0, 8, 2.75, 8], "texture": "#5"},
				"south": {"uv": [5.5, 8, 5.5, 8], "texture": "#5"},
				"west": {"uv": [2.75, 8, 5.5, 8], "texture": "#5"},
				"up": {"uv": [2.75, 8, 2.75, 5.25], "texture": "#5"},
				"down": {"uv": [2.75, 5.25, 2.75, 8], "texture": "#5"}
			}
		},
		{
			"from": [8.6956, 10.17043, 0.5],
			"to": [8.8256, 10.67043, 11.5],
			"rotation": {"angle": 22.5, "axis": "z", "origin": [16.6956, 2.67043, 19.5]},
			"faces": {
				"north": {"uv": [2.75, 8, 2.75, 8], "texture": "#5"},
				"east": {"uv": [0, 8, 2.75, 8], "texture": "#5"},
				"south": {"uv": [5.5, 8, 5.5, 8], "texture": "#5"},
				"west": {"uv": [2.75, 8, 5.5, 8], "texture": "#5"},
				"up": {"uv": [2.75, 8, 2.75, 5.25], "texture": "#5"},
				"down": {"uv": [2.75, 5.25, 2.75, 8], "texture": "#5"}
			}
		},
		{
			"from": [6.89637, 6.34672, 0.5],
			"to": [7.39637, 6.47672, 11.5],
			"rotation": {"angle": 0, "axis": "y", "origin": [14.89637, 14.34672, 19.5]},
			"faces": {
				"north": {"uv": [2.75, 8, 2.75, 8], "texture": "#5"},
				"east": {"uv": [0, 8, 2.75, 8], "texture": "#5"},
				"south": {"uv": [5.5, 8, 5.5, 8], "texture": "#5"},
				"west": {"uv": [2.75, 8, 5.5, 8], "texture": "#5"},
				"up": {"uv": [2.75, 8, 2.75, 5.25], "texture": "#5"},
				"down": {"uv": [2.75, 5.25, 2.75, 8], "texture": "#5"}
			}
		},
		{
			"from": [3.72594, 5.07078, 0.5],
			"to": [4.22594, 5.20078, 11.5],
			"rotation": {"angle": -22.5, "axis": "z", "origin": [11.72594, -2.79922, 19.5]},
			"faces": {
				"north": {"uv": [11, 11, 11, 11], "texture": "#5"},
				"east": {"uv": [0, 11, 11, 11], "texture": "#5"},
				"south": {"uv": [22, 11, 22, 11], "texture": "#5"},
				"west": {"uv": [11, 11, 22, 11], "texture": "#5"},
				"up": {"uv": [11, 11, 11, 0], "texture": "#5"},
				"down": {"uv": [11, 0, 11, 11], "texture": "#5"}
			}
		},
		{
			"from": [11.39874, 4.50944, 0.5],
			"to": [11.52874, 5.00944, 11.5],
			"rotation": {"angle": 22.5, "axis": "z", "origin": [3.52874, -2.99056, 19.5]},
			"faces": {
				"north": {"uv": [2.75, 8, 2.75, 8], "texture": "#5"},
				"east": {"uv": [0, 8, 2.75, 8], "texture": "#5"},
				"south": {"uv": [5.5, 8, 5.5, 8], "texture": "#5"},
				"west": {"uv": [2.75, 8, 5.5, 8], "texture": "#5"},
				"up": {"uv": [2.75, 8, 2.75, 5.25], "texture": "#5"},
				"down": {"uv": [2.75, 5.25, 2.75, 8], "texture": "#5"}
			}
		},
		{
			"from": [8.88694, 11.00237, 0.5],
			"to": [9.38694, 11.13237, 11.5],
			"rotation": {"angle": 22.5, "axis": "z", "origin": [16.88694, 3.13237, 19.5]},
			"faces": {
				"north": {"uv": [2.75, 8, 2.75, 8], "texture": "#5"},
				"east": {"uv": [0, 8, 2.75, 8], "texture": "#5"},
				"south": {"uv": [5.5, 8, 5.5, 8], "texture": "#5"},
				"west": {"uv": [2.75, 8, 5.5, 8], "texture": "#5"},
				"up": {"uv": [2.75, 8, 2.75, 5.25], "texture": "#5"},
				"down": {"uv": [2.75, 5.25, 2.75, 8], "texture": "#5"}
			}
		},
		{
			"from": [8.6956, 3.32957, 0.5],
			"to": [8.8256, 3.82957, 11.5],
			"rotation": {"angle": -22.5, "axis": "z", "origin": [16.6956, 11.32957, 19.5]},
			"faces": {
				"north": {"uv": [2.75, 8, 2.75, 8], "texture": "#5"},
				"east": {"uv": [0, 8, 2.75, 8], "texture": "#5"},
				"south": {"uv": [5.5, 8, 5.5, 8], "texture": "#5"},
				"west": {"uv": [2.75, 8, 5.5, 8], "texture": "#5"},
				"up": {"uv": [2.75, 8, 2.75, 5.25], "texture": "#5"},
				"down": {"uv": [2.75, 5.25, 2.75, 8], "texture": "#5"}
			}
		},
		{
			"from": [6.89637, 7.52328, 0.5],
			"to": [7.39637, 7.65328, 11.5],
			"rotation": {"angle": 0, "axis": "y", "origin": [14.89637, -0.34672, 19.5]},
			"faces": {
				"north": {"uv": [2.75, 8, 2.75, 8], "texture": "#5"},
				"east": {"uv": [0, 8, 2.75, 8], "texture": "#5"},
				"south": {"uv": [5.5, 8, 5.5, 8], "texture": "#5"},
				"west": {"uv": [2.75, 8, 5.5, 8], "texture": "#5"},
				"up": {"uv": [2.75, 8, 2.75, 5.25], "texture": "#5"},
				"down": {"uv": [2.75, 5.25, 2.75, 8], "texture": "#5"}
			}
		},
		{
			"from": [5.53251, 8.79922, 0.5],
			"to": [6.03251, 8.92922, 11.5],
			"rotation": {"angle": 22.5, "axis": "z", "origin": [13.53251, 16.79922, 19.5]},
			"faces": {
				"north": {"uv": [6, 3, 6.25, 3.25], "texture": "#5"},
				"east": {"uv": [0, 0, 2.75, 0.25], "texture": "#5"},
				"south": {"uv": [6, 5.5, 6.25, 5.75], "texture": "#5"},
				"west": {"uv": [0, 0.5, 2.75, 0.75], "texture": "#5"},
				"up": {"uv": [0.25, 3.75, 0, 1], "texture": "#5"},
				"down": {"uv": [0.75, 1, 0.5, 3.75], "texture": "#5"}
			}
		},
		{
			"from": [13.20531, 8.99056, 0.5],
			"to": [13.33531, 9.49056, 11.5],
			"rotation": {"angle": -22.5, "axis": "z", "origin": [5.33531, 16.99056, 19.5]},
			"faces": {
				"north": {"uv": [6, 6.5, 6.25, 6.75], "texture": "#5"},
				"east": {"uv": [1, 1, 3.75, 1.25], "texture": "#5"},
				"south": {"uv": [6.5, 6.5, 6.75, 6.75], "texture": "#5"},
				"west": {"uv": [1, 1.5, 3.75, 1.75], "texture": "#5"},
				"up": {"uv": [1.25, 4.75, 1, 2], "texture": "#5"},
				"down": {"uv": [1.75, 2, 1.5, 4.75], "texture": "#5"}
			}
		},
		{
			"from": [10.6935, 2.86763, 0.5],
			"to": [11.1935, 2.99763, 11.5],
			"rotation": {"angle": -22.5, "axis": "z", "origin": [18.6935, 10.86763, 19.5]},
			"faces": {
				"north": {"uv": [6.5, 3, 6.75, 3.25], "texture": "#5"},
				"east": {"uv": [2, 2, 4.75, 2.25], "texture": "#5"},
				"south": {"uv": [6.5, 5.5, 6.75, 5.75], "texture": "#5"},
				"west": {"uv": [2, 2.5, 4.75, 2.75], "texture": "#5"},
				"up": {"uv": [2.25, 5.75, 2, 3], "texture": "#5"},
				"down": {"uv": [2.75, 3, 2.5, 5.75], "texture": "#5"}
			}
		},
		{
			"from": [10.50216, 10.17043, 0.5],
			"to": [10.63216, 10.67043, 11.5],
			"rotation": {"angle": 22.5, "axis": "z", "origin": [18.50216, 2.67043, 19.5]},
			"faces": {
				"north": {"uv": [0, 7, 0.25, 7.25], "texture": "#5"},
				"east": {"uv": [3, 3, 5.75, 3.25], "texture": "#5"},
				"south": {"uv": [0.5, 7, 0.75, 7.25], "texture": "#5"},
				"west": {"uv": [3, 0, 5.75, 0.25], "texture": "#5"},
				"up": {"uv": [3.25, 6.25, 3, 3.5], "texture": "#5"},
				"down": {"uv": [3.75, 3.5, 3.5, 6.25], "texture": "#5"}
			}
		},
		{
			"from": [8.70294, 6.34672, 0.5],
			"to": [9.20294, 6.47672, 11.5],
			"rotation": {"angle": 0, "axis": "y", "origin": [16.70294, 14.34672, 19.5]},
			"faces": {
				"north": {"uv": [6, 7, 6.25, 7.25], "texture": "#5"},
				"east": {"uv": [3, 0.5, 5.75, 0.75], "texture": "#5"},
				"south": {"uv": [6.5, 7, 6.75, 7.25], "texture": "#5"},
				"west": {"uv": [4, 4, 6.75, 4.25], "texture": "#5"},
				"up": {"uv": [0.25, 6.75, 0, 4], "texture": "#5"},
				"down": {"uv": [0.75, 4, 0.5, 6.75], "texture": "#5"}
			}
		},
		{
			"from": [5.53251, 5.07078, 0.5],
			"to": [6.03251, 5.20078, 11.5],
			"rotation": {"angle": -22.5, "axis": "z", "origin": [13.53251, -2.79922, 19.5]},
			"faces": {
				"north": {"uv": [7, 7, 7.25, 7.25], "texture": "#5"},
				"east": {"uv": [4, 1, 6.75, 1.25], "texture": "#5"},
				"south": {"uv": [7, 1, 7.25, 1.25], "texture": "#5"},
				"west": {"uv": [4, 1.5, 6.75, 1.75], "texture": "#5"},
				"up": {"uv": [4.25, 7.25, 4, 4.5], "texture": "#5"},
				"down": {"uv": [4.75, 4.5, 4.5, 7.25], "texture": "#5"}
			}
		},
		{
			"from": [13.20531, 4.50944, 0.5],
			"to": [13.33531, 5.00944, 11.5],
			"rotation": {"angle": 22.5, "axis": "z", "origin": [5.33531, -2.99056, 19.5]},
			"faces": {
				"north": {"uv": [7, 1.5, 7.25, 1.75], "texture": "#5"},
				"east": {"uv": [4, 3.5, 6.75, 3.75], "texture": "#5"},
				"south": {"uv": [7, 3, 7.25, 3.25], "texture": "#5"},
				"west": {"uv": [5, 5, 7.75, 5.25], "texture": "#5"},
				"up": {"uv": [1.25, 7.75, 1, 5], "texture": "#5"},
				"down": {"uv": [1.75, 5, 1.5, 7.75], "texture": "#5"}
			}
		},
		{
			"from": [10.6935, 11.00237, 0.5],
			"to": [11.1935, 11.13237, 11.5],
			"rotation": {"angle": 22.5, "axis": "z", "origin": [18.6935, 3.13237, 19.5]},
			"faces": {
				"north": {"uv": [7, 3.5, 7.25, 3.75], "texture": "#5"},
				"east": {"uv": [5, 2, 7.75, 2.25], "texture": "#5"},
				"south": {"uv": [7, 4, 7.25, 4.25], "texture": "#5"},
				"west": {"uv": [5, 2.5, 7.75, 2.75], "texture": "#5"},
				"up": {"uv": [5.25, 8.25, 5, 5.5], "texture": "#5"},
				"down": {"uv": [5.75, 5.5, 5.5, 8.25], "texture": "#5"}
			}
		},
		{
			"from": [10.50216, 3.32957, 0.5],
			"to": [10.63216, 3.82957, 11.5],
			"rotation": {"angle": -22.5, "axis": "z", "origin": [18.50216, 11.32957, 19.5]},
			"faces": {
				"north": {"uv": [7, 5.5, 7.25, 5.75], "texture": "#5"},
				"east": {"uv": [5, 4.5, 7.75, 4.75], "texture": "#5"},
				"south": {"uv": [7, 6.5, 7.25, 6.75], "texture": "#5"},
				"west": {"uv": [6, 6, 8.75, 6.25], "texture": "#5"},
				"up": {"uv": [2.25, 8.75, 2, 6], "texture": "#5"},
				"down": {"uv": [2.75, 6, 2.5, 8.75], "texture": "#5"}
			}
		},
		{
			"from": [8.70294, 7.52328, 0.5],
			"to": [9.20294, 7.65328, 11.5],
			"rotation": {"angle": 0, "axis": "y", "origin": [16.70294, -0.34672, 19.5]},
			"faces": {
				"north": {"uv": [0, 7.5, 0.25, 7.75], "texture": "#5"},
				"east": {"uv": [6, 0, 8.75, 0.25], "texture": "#5"},
				"south": {"uv": [0.5, 7.5, 0.75, 7.75], "texture": "#5"},
				"west": {"uv": [6, 0.5, 8.75, 0.75], "texture": "#5"},
				"up": {"uv": [3.25, 9.25, 3, 6.5], "texture": "#5"},
				"down": {"uv": [3.75, 6.5, 3.5, 9.25], "texture": "#5"}
			}
		},
		{
			"from": [6.5, 6.6, 1.6],
			"to": [7.8, 7.4, 2.6],
			"rotation": {"angle": 0, "axis": "y", "origin": [14.5, 14.4, 9.6]},
			"faces": {
				"north": {"uv": [0, 0, 1, 1], "texture": "#2"},
				"east": {"uv": [0, 2, 1, 3], "texture": "#2"},
				"south": {"uv": [2, 2, 3, 3], "texture": "#2"},
				"west": {"uv": [2, 0, 3, 1], "texture": "#2"},
				"up": {"uv": [1, 5, 0, 4], "texture": "#2"},
				"down": {"uv": [3, 4, 2, 5], "texture": "#2"}
			}
		},
		{
			"from": [7.225, 6, 7.5],
			"to": [8.775, 10, 8.5],
			"rotation": {"angle": -45, "axis": "x", "origin": [15.225, 15.25, 15.5]},
			"faces": {
				"north": {"uv": [1, 1, 2, 5], "texture": "#0"},
				"east": {"uv": [0, 1, 1, 5], "texture": "#0"},
				"south": {"uv": [3, 1, 4, 5], "texture": "#0"},
				"west": {"uv": [2, 1, 3, 5], "texture": "#0"},
				"up": {"uv": [2, 1, 1, 0], "texture": "#0"},
				"down": {"uv": [3, 0, 2, 1], "texture": "#0"}
			}
		},
		{
			"from": [3.72594, 8.89922, 11.5],
			"to": [4.22594, 9.02922, 13.6],
			"rotation": {"angle": 22.5, "axis": "z", "origin": [11.72594, 16.89922, 21.5]},
			"faces": {
				"north": {"uv": [2, 2, 2, 2], "texture": "#1"},
				"east": {"uv": [0, 2, 2, 2], "texture": "#1"},
				"south": {"uv": [4, 2, 4, 2], "texture": "#1"},
				"west": {"uv": [2, 2, 4, 2], "texture": "#1"},
				"up": {"uv": [2, 2, 2, 0], "texture": "#1"},
				"down": {"uv": [2, 0, 2, 2], "texture": "#1"}
			}
		},
		{
			"from": [11.39874, 9.09056, 11.5],
			"to": [11.52874, 9.59056, 13.6],
			"rotation": {"angle": -22.5, "axis": "z", "origin": [3.52874, 17.09056, 21.5]},
			"faces": {
				"north": {"uv": [0.5, 3.525, 0.5, 3.525], "texture": "#1"},
				"east": {"uv": [0, 3.525, 0.5, 3.525], "texture": "#1"},
				"south": {"uv": [1, 3.525, 1, 3.525], "texture": "#1"},
				"west": {"uv": [0.5, 3.525, 1, 3.525], "texture": "#1"},
				"up": {"uv": [0.5, 3.525, 0.5, 3.025], "texture": "#1"},
				"down": {"uv": [0.5, 3.025, 0.5, 3.525], "texture": "#1"}
			}
		},
		{
			"from": [8.88694, 2.96763, 11.5],
			"to": [9.38694, 3.09763, 13.6],
			"rotation": {"angle": -22.5, "axis": "z", "origin": [16.88694, 10.96763, 21.5]},
			"faces": {
				"north": {"uv": [0.5, 3.525, 0.5, 3.525], "texture": "#1"},
				"east": {"uv": [0, 3.525, 0.5, 3.525], "texture": "#1"},
				"south": {"uv": [1, 3.525, 1, 3.525], "texture": "#1"},
				"west": {"uv": [0.5, 3.525, 1, 3.525], "texture": "#1"},
				"up": {"uv": [0.5, 3.525, 0.5, 3.025], "texture": "#1"},
				"down": {"uv": [0.5, 3.025, 0.5, 3.525], "texture": "#1"}
			}
		},
		{
			"from": [8.6956, 10.27043, 11.5],
			"to": [8.8256, 10.77043, 13.6],
			"rotation": {"angle": 22.5, "axis": "z", "origin": [16.6956, 2.77043, 21.5]},
			"faces": {
				"north": {"uv": [0.5, 3.525, 0.5, 3.525], "texture": "#1"},
				"east": {"uv": [0, 3.525, 0.5, 3.525], "texture": "#1"},
				"south": {"uv": [1, 3.525, 1, 3.525], "texture": "#1"},
				"west": {"uv": [0.5, 3.525, 1, 3.525], "texture": "#1"},
				"up": {"uv": [0.5, 3.525, 0.5, 3.025], "texture": "#1"},
				"down": {"uv": [0.5, 3.025, 0.5, 3.525], "texture": "#1"}
			}
		},
		{
			"from": [6.89637, 6.44672, 11.5],
			"to": [7.39637, 6.57672, 13.6],
			"rotation": {"angle": 0, "axis": "y", "origin": [14.89637, 14.44672, 21.5]},
			"faces": {
				"north": {"uv": [0.5, 3.525, 0.5, 3.525], "texture": "#1"},
				"east": {"uv": [0, 3.525, 0.5, 3.525], "texture": "#1"},
				"south": {"uv": [1, 3.525, 1, 3.525], "texture": "#1"},
				"west": {"uv": [0.5, 3.525, 1, 3.525], "texture": "#1"},
				"up": {"uv": [0.5, 3.525, 0.5, 3.025], "texture": "#1"},
				"down": {"uv": [0.5, 3.025, 0.5, 3.525], "texture": "#1"}
			}
		},
		{
			"from": [3.72594, 5.17078, 11.5],
			"to": [4.22594, 5.30078, 13.6],
			"rotation": {"angle": -22.5, "axis": "z", "origin": [11.72594, -2.69922, 21.5]},
			"faces": {
				"north": {"uv": [2, 2, 2, 2], "texture": "#1"},
				"east": {"uv": [0, 2, 2, 2], "texture": "#1"},
				"south": {"uv": [4, 2, 4, 2], "texture": "#1"},
				"west": {"uv": [2, 2, 4, 2], "texture": "#1"},
				"up": {"uv": [2, 2, 2, 0], "texture": "#1"},
				"down": {"uv": [2, 0, 2, 2], "texture": "#1"}
			}
		},
		{
			"from": [11.39874, 4.60944, 11.5],
			"to": [11.52874, 5.10944, 13.6],
			"rotation": {"angle": 22.5, "axis": "z", "origin": [3.52874, -2.89056, 21.5]},
			"faces": {
				"north": {"uv": [0.5, 3.525, 0.5, 3.525], "texture": "#1"},
				"east": {"uv": [0, 3.525, 0.5, 3.525], "texture": "#1"},
				"south": {"uv": [1, 3.525, 1, 3.525], "texture": "#1"},
				"west": {"uv": [0.5, 3.525, 1, 3.525], "texture": "#1"},
				"up": {"uv": [0.5, 3.525, 0.5, 3.025], "texture": "#1"},
				"down": {"uv": [0.5, 3.025, 0.5, 3.525], "texture": "#1"}
			}
		},
		{
			"from": [8.88694, 11.10237, 11.5],
			"to": [9.38694, 11.23237, 13.6],
			"rotation": {"angle": 22.5, "axis": "z", "origin": [16.88694, 3.23237, 21.5]},
			"faces": {
				"north": {"uv": [0.5, 3.525, 0.5, 3.525], "texture": "#1"},
				"east": {"uv": [0, 3.525, 0.5, 3.525], "texture": "#1"},
				"south": {"uv": [1, 3.525, 1, 3.525], "texture": "#1"},
				"west": {"uv": [0.5, 3.525, 1, 3.525], "texture": "#1"},
				"up": {"uv": [0.5, 3.525, 0.5, 3.025], "texture": "#1"},
				"down": {"uv": [0.5, 3.025, 0.5, 3.525], "texture": "#1"}
			}
		},
		{
			"from": [8.6956, 3.42957, 11.5],
			"to": [8.8256, 3.92957, 13.6],
			"rotation": {"angle": -22.5, "axis": "z", "origin": [16.6956, 11.42957, 21.5]},
			"faces": {
				"north": {"uv": [0.5, 3.525, 0.5, 3.525], "texture": "#1"},
				"east": {"uv": [0, 3.525, 0.5, 3.525], "texture": "#1"},
				"south": {"uv": [1, 3.525, 1, 3.525], "texture": "#1"},
				"west": {"uv": [0.5, 3.525, 1, 3.525], "texture": "#1"},
				"up": {"uv": [0.5, 3.525, 0.5, 3.025], "texture": "#1"},
				"down": {"uv": [0.5, 3.025, 0.5, 3.525], "texture": "#1"}
			}
		},
		{
			"from": [6.89637, 7.62328, 11.5],
			"to": [7.39637, 7.75328, 13.6],
			"rotation": {"angle": 0, "axis": "y", "origin": [14.89637, -0.24672, 21.5]},
			"faces": {
				"north": {"uv": [0.5, 3.525, 0.5, 3.525], "texture": "#1"},
				"east": {"uv": [0, 3.525, 0.5, 3.525], "texture": "#1"},
				"south": {"uv": [1, 3.525, 1, 3.525], "texture": "#1"},
				"west": {"uv": [0.5, 3.525, 1, 3.525], "texture": "#1"},
				"up": {"uv": [0.5, 3.525, 0.5, 3.025], "texture": "#1"},
				"down": {"uv": [0.5, 3.025, 0.5, 3.525], "texture": "#1"}
			}
		},
		{
			"from": [5.53251, 8.89922, 11.5],
			"to": [6.03251, 9.02922, 13.6],
			"rotation": {"angle": 22.5, "axis": "z", "origin": [13.53251, 16.89922, 21.5]},
			"faces": {
				"north": {"uv": [2, 2, 2, 2], "texture": "#1"},
				"east": {"uv": [0, 2, 2, 2], "texture": "#1"},
				"south": {"uv": [4, 2, 4, 2], "texture": "#1"},
				"west": {"uv": [2, 2, 4, 2], "texture": "#1"},
				"up": {"uv": [2, 2, 2, 0], "texture": "#1"},
				"down": {"uv": [2, 0, 2, 2], "texture": "#1"}
			}
		},
		{
			"from": [13.20531, 9.09056, 11.5],
			"to": [13.33531, 9.59056, 13.6],
			"rotation": {"angle": -22.5, "axis": "z", "origin": [5.33531, 17.09056, 21.5]},
			"faces": {
				"north": {"uv": [0.5, 3.525, 0.5, 3.525], "texture": "#1"},
				"east": {"uv": [0, 3.525, 0.5, 3.525], "texture": "#1"},
				"south": {"uv": [1, 3.525, 1, 3.525], "texture": "#1"},
				"west": {"uv": [0.5, 3.525, 1, 3.525], "texture": "#1"},
				"up": {"uv": [0.5, 3.525, 0.5, 3.025], "texture": "#1"},
				"down": {"uv": [0.5, 3.025, 0.5, 3.525], "texture": "#1"}
			}
		},
		{
			"from": [10.6935, 2.96763, 11.5],
			"to": [11.1935, 3.09763, 13.6],
			"rotation": {"angle": -22.5, "axis": "z", "origin": [18.6935, 10.96763, 21.5]},
			"faces": {
				"north": {"uv": [0.5, 3.525, 0.5, 3.525], "texture": "#1"},
				"east": {"uv": [0, 3.525, 0.5, 3.525], "texture": "#1"},
				"south": {"uv": [1, 3.525, 1, 3.525], "texture": "#1"},
				"west": {"uv": [0.5, 3.525, 1, 3.525], "texture": "#1"},
				"up": {"uv": [0.5, 3.525, 0.5, 3.025], "texture": "#1"},
				"down": {"uv": [0.5, 3.025, 0.5, 3.525], "texture": "#1"}
			}
		},
		{
			"from": [10.50216, 10.27043, 11.5],
			"to": [10.63216, 10.77043, 13.6],
			"rotation": {"angle": 22.5, "axis": "z", "origin": [18.50216, 2.77043, 21.5]},
			"faces": {
				"north": {"uv": [0.5, 3.525, 0.5, 3.525], "texture": "#1"},
				"east": {"uv": [0, 3.525, 0.5, 3.525], "texture": "#1"},
				"south": {"uv": [1, 3.525, 1, 3.525], "texture": "#1"},
				"west": {"uv": [0.5, 3.525, 1, 3.525], "texture": "#1"},
				"up": {"uv": [0.5, 3.525, 0.5, 3.025], "texture": "#1"},
				"down": {"uv": [0.5, 3.025, 0.5, 3.525], "texture": "#1"}
			}
		},
		{
			"from": [8.70294, 6.44672, 11.5],
			"to": [9.20294, 6.57672, 13.6],
			"rotation": {"angle": 0, "axis": "y", "origin": [16.70294, 14.44672, 21.5]},
			"faces": {
				"north": {"uv": [0.5, 3.525, 0.5, 3.525], "texture": "#1"},
				"east": {"uv": [0, 3.525, 0.5, 3.525], "texture": "#1"},
				"south": {"uv": [1, 3.525, 1, 3.525], "texture": "#1"},
				"west": {"uv": [0.5, 3.525, 1, 3.525], "texture": "#1"},
				"up": {"uv": [0.5, 3.525, 0.5, 3.025], "texture": "#1"},
				"down": {"uv": [0.5, 3.025, 0.5, 3.525], "texture": "#1"}
			}
		},
		{
			"from": [5.53251, 5.17078, 11.5],
			"to": [6.03251, 5.30078, 13.6],
			"rotation": {"angle": -22.5, "axis": "z", "origin": [13.53251, -2.69922, 21.5]},
			"faces": {
				"north": {"uv": [2, 2, 2, 2], "texture": "#1"},
				"east": {"uv": [0, 2, 2, 2], "texture": "#1"},
				"south": {"uv": [4, 2, 4, 2], "texture": "#1"},
				"west": {"uv": [2, 2, 4, 2], "texture": "#1"},
				"up": {"uv": [2, 2, 2, 0], "texture": "#1"},
				"down": {"uv": [2, 0, 2, 2], "texture": "#1"}
			}
		},
		{
			"from": [13.20531, 4.60944, 11.5],
			"to": [13.33531, 5.10944, 13.6],
			"rotation": {"angle": 22.5, "axis": "z", "origin": [5.33531, -2.89056, 21.5]},
			"faces": {
				"north": {"uv": [0.5, 3.525, 0.5, 3.525], "texture": "#1"},
				"east": {"uv": [0, 3.525, 0.5, 3.525], "texture": "#1"},
				"south": {"uv": [1, 3.525, 1, 3.525], "texture": "#1"},
				"west": {"uv": [0.5, 3.525, 1, 3.525], "texture": "#1"},
				"up": {"uv": [0.5, 3.525, 0.5, 3.025], "texture": "#1"},
				"down": {"uv": [0.5, 3.025, 0.5, 3.525], "texture": "#1"}
			}
		},
		{
			"from": [10.6935, 11.10237, 11.5],
			"to": [11.1935, 11.23237, 13.6],
			"rotation": {"angle": 22.5, "axis": "z", "origin": [18.6935, 3.23237, 21.5]},
			"faces": {
				"north": {"uv": [0.5, 3.525, 0.5, 3.525], "texture": "#1"},
				"east": {"uv": [0, 3.525, 0.5, 3.525], "texture": "#1"},
				"south": {"uv": [1, 3.525, 1, 3.525], "texture": "#1"},
				"west": {"uv": [0.5, 3.525, 1, 3.525], "texture": "#1"},
				"up": {"uv": [0.5, 3.525, 0.5, 3.025], "texture": "#1"},
				"down": {"uv": [0.5, 3.025, 0.5, 3.525], "texture": "#1"}
			}
		},
		{
			"from": [10.50216, 3.42957, 11.5],
			"to": [10.63216, 3.92957, 13.6],
			"rotation": {"angle": -22.5, "axis": "z", "origin": [18.50216, 11.42957, 21.5]},
			"faces": {
				"north": {"uv": [0.5, 3.525, 0.5, 3.525], "texture": "#1"},
				"east": {"uv": [0, 3.525, 0.5, 3.525], "texture": "#1"},
				"south": {"uv": [1, 3.525, 1, 3.525], "texture": "#1"},
				"west": {"uv": [0.5, 3.525, 1, 3.525], "texture": "#1"},
				"up": {"uv": [0.5, 3.525, 0.5, 3.025], "texture": "#1"},
				"down": {"uv": [0.5, 3.025, 0.5, 3.525], "texture": "#1"}
			}
		},
		{
			"from": [8.70294, 7.62328, 11.5],
			"to": [9.20294, 7.75328, 13.6],
			"rotation": {"angle": 0, "axis": "y", "origin": [16.70294, -0.24672, 21.5]},
			"faces": {
				"north": {"uv": [0.5, 3.525, 0.5, 3.525], "texture": "#1"},
				"east": {"uv": [0, 3.525, 0.5, 3.525], "texture": "#1"},
				"south": {"uv": [1, 3.525, 1, 3.525], "texture": "#1"},
				"west": {"uv": [0.5, 3.525, 1, 3.525], "texture": "#1"},
				"up": {"uv": [0.5, 3.525, 0.5, 3.025], "texture": "#1"},
				"down": {"uv": [0.5, 3.025, 0.5, 3.525], "texture": "#1"}
			}
		},
		{
			"from": [11.2, 6.6, 16.8],
			"to": [11.8, 7.4, 18.8],
			"rotation": {"angle": -22.5, "axis": "y", "origin": [19.2, 14.6, 9.8]},
			"faces": {
				"north": {"uv": [0.5, 0.65, 0.5, 0.65], "texture": "#4"},
				"east": {"uv": [0, 0.65, 0.5, 0.65], "texture": "#4"},
				"south": {"uv": [1, 0.65, 1, 0.65], "texture": "#4"},
				"west": {"uv": [0.5, 0.65, 1, 0.65], "texture": "#4"},
				"up": {"uv": [0.5, 0.65, 0.5, 0.15], "rotation": 270, "texture": "#4"},
				"down": {"uv": [0.5, 0.15, 0.5, 0.65], "rotation": 90, "texture": "#4"}
			}
		},
		{
			"from": [4.2, 6.6, 16.8],
			"to": [4.8, 7.4, 18.8],
			"shade": false,
			"rotation": {"angle": 22.5, "axis": "y", "origin": [-3.2, 14.6, 9.8]},
			"faces": {
				"north": {"uv": [0.5, 0.5, 0.5, 0.5], "texture": "#4"},
				"east": {"uv": [1, 0.5, 0.5, 0.5], "texture": "#4"},
				"south": {"uv": [1, 0.5, 1, 0.5], "texture": "#4"},
				"west": {"uv": [0.5, 0.5, 0, 0.5], "texture": "#4"},
				"up": {"uv": [0.5, 0.5, 0.5, 0], "rotation": 270, "texture": "#4"},
				"down": {"uv": [0.5, 0, 0.5, 0.5], "rotation": 90, "texture": "#4"}
			}
		},
		{
			"from": [6.55, 6.45, 13.625],
			"to": [9.45, 7.65, 14.375],
			"rotation": {"angle": 0, "axis": "y", "origin": [15.5, 14.45, 21.625]},
			"faces": {
				"north": {"uv": [0, 0.1875, 0.5, 0.4375], "texture": "#4"},
				"east": {"uv": [0, 0.1875, 0, 0.4375], "texture": "#4"},
				"south": {"uv": [0.5, 0.1875, 1, 0.4375], "texture": "#4"},
				"west": {"uv": [0.5, 0.1875, 0.5, 0.4375], "texture": "#4"},
				"up": {"uv": [0.5, 0.1875, 0, 0.1875], "texture": "#4"},
				"down": {"uv": [1, 0.1875, 0.5, 0.1875], "texture": "#4"}
			}
		},
		{
			"from": [7.5, 6.5, 14],
			"to": [8.5, 7.35, 15],
			"rotation": {"angle": 0, "axis": "y", "origin": [15.5, 14.5, 22.5]},
			"faces": {
				"north": {"uv": [0.25, 0.5, 0.5, 0.5], "texture": "#0"},
				"east": {"uv": [0, 0.5, 0.25, 0.5], "texture": "#0"},
				"south": {"uv": [0.75, 0.5, 1, 0.5], "texture": "#0"},
				"west": {"uv": [0.5, 0.5, 0.75, 0.5], "texture": "#0"},
				"up": {"uv": [0.5, 0.5, 0.25, 0.25], "texture": "#0"},
				"down": {"uv": [0.75, 0.25, 0.5, 0.5], "texture": "#0"}
			}
		},
		{
			"from": [7.5, 8.4, 16.5],
			"to": [8.5, 10.65, 17.5],
			"rotation": {"angle": -22.5, "axis": "x", "origin": [15.5, 2.5, 24.5]},
			"faces": {
				"north": {"uv": [0.25, 0.5, 0.5, 1], "rotation": 180, "texture": "#0"},
				"east": {"uv": [0, 0.5, 0.25, 1], "rotation": 270, "texture": "#0"},
				"south": {"uv": [0.75, 0.5, 1, 1], "texture": "#0"},
				"west": {"uv": [0.5, 0.5, 0.75, 1], "rotation": 90, "texture": "#0"},
				"up": {"uv": [0.5, 0.5, 0.25, 0.25], "rotation": 180, "texture": "#0"},
				"down": {"uv": [0.75, 0.25, 0.5, 0.5], "texture": "#0"}
			}
		},
		{
			"from": [7.65, 6.64544, 9.89786],
			"to": [8.35, 6.77544, 10.39786],
			"rotation": {"angle": -22.5, "axis": "x", "origin": [-0.45, 14.64544, 17.89786]},
			"faces": {
				"north": {"uv": [5, 0, 5, 0], "texture": "#3"},
				"east": {"uv": [5, 0, 5, 0], "texture": "#3"},
				"south": {"uv": [5, 0, 5, 0], "texture": "#3"},
				"west": {"uv": [5, 0, 5, 0], "texture": "#3"},
				"up": {"uv": [5, 0, 5, 0], "rotation": 90, "texture": "#3"},
				"down": {"uv": [5, 0, 5, 0], "rotation": 270, "texture": "#3"}
			}
		},
		{
			"from": [7.65, 6.83678, 17.57066],
			"to": [8.35, 7.73678, 17.70066],
			"rotation": {"angle": 22.5, "axis": "x", "origin": [-0.45, 14.83678, 9.70066]},
			"faces": {
				"north": {"uv": [2.5, 0.7, 2.5, 0.7], "texture": "#3"},
				"east": {"uv": [2.5, 0.7, 2.5, 0.7], "texture": "#3"},
				"south": {"uv": [2.5, 0.7, 2.5, 0.7], "texture": "#3"},
				"west": {"uv": [2.5, 0.7, 2.5, 0.7], "texture": "#3"},
				"up": {"uv": [2.5, 0.7, 2.5, 0.7], "rotation": 90, "texture": "#3"},
				"down": {"uv": [2.5, 0.7, 2.5, 0.7], "rotation": 270, "texture": "#3"}
			}
		},
		{
			"from": [7.65, 0.71384, 15.05886],
			"to": [8.35, 0.84384, 15.55886],
			"rotation": {"angle": 22.5, "axis": "x", "origin": [-0.45, 8.71384, 23.05886]},
			"faces": {
				"north": {"uv": [2.5, 0.7, 2.5, 0.7], "texture": "#3"},
				"east": {"uv": [2.5, 0.7, 2.5, 0.7], "texture": "#3"},
				"south": {"uv": [2.5, 0.7, 2.5, 0.7], "texture": "#3"},
				"west": {"uv": [2.5, 0.7, 2.5, 0.7], "texture": "#3"},
				"up": {"uv": [2.5, 0.7, 2.5, 0.7], "rotation": 90, "texture": "#3"},
				"down": {"uv": [2.5, 0.7, 2.5, 0.7], "rotation": 270, "texture": "#3"}
			}
		},
		{
			"from": [7.65, 12.23783, 15.56651],
			"to": [8.35, 13.63783, 15.69651],
			"rotation": {"angle": -45, "axis": "x", "origin": [-0.45, 4.73783, 23.56651]},
			"faces": {
				"north": {"uv": [2.5, 0.7, 2.5, 0.95], "texture": "#3"},
				"east": {"uv": [2.5, 0.7, 2.5, 0.95], "texture": "#3"},
				"south": {"uv": [2.5, 0.7, 2.5, 0.95], "texture": "#3"},
				"west": {"uv": [2.5, 0.7, 2.5, 0.95], "texture": "#3"},
				"up": {"uv": [2.5, 0.7, 2.5, 0.7], "rotation": 90, "texture": "#3"},
				"down": {"uv": [2.5, 0.7, 2.5, 0.7], "rotation": 270, "texture": "#3"}
			}
		},
		{
			"from": [7.65, 4.19293, 13.06829],
			"to": [8.35, 4.32293, 13.56829],
			"rotation": {"angle": 0, "axis": "y", "origin": [-0.45, 12.19293, 21.06829]},
			"faces": {
				"north": {"uv": [2.5, 0.7, 2.5, 0.7], "texture": "#3"},
				"east": {"uv": [2.5, 0.7, 2.5, 0.7], "texture": "#3"},
				"south": {"uv": [2.5, 0.7, 2.5, 0.7], "texture": "#3"},
				"west": {"uv": [2.5, 0.7, 2.5, 0.7], "texture": "#3"},
				"up": {"uv": [2.5, 0.7, 2.5, 0.7], "rotation": 90, "texture": "#3"},
				"down": {"uv": [2.5, 0.7, 2.5, 0.7], "rotation": 270, "texture": "#3"}
			}
		},
		{
			"from": [7.8, 4.1, 16],
			"to": [8.3, 4.3, 18.1],
			"rotation": {"angle": 22.5, "axis": "x", "origin": [15.5, 12.1, 24]},
			"faces": {
				"north": {"uv": [0.5, 1.025, 0.5, 1.025], "texture": "#3"},
				"east": {"uv": [0, 1.025, 0.5, 1.025], "texture": "#3"},
				"south": {"uv": [1, 1.025, 1, 1.025], "texture": "#3"},
				"west": {"uv": [0.5, 1.025, 1, 1.025], "texture": "#3"},
				"up": {"uv": [0.5, 1.025, 0.5, 0.525], "texture": "#3"},
				"down": {"uv": [0.5, 0.525, 0.5, 1.025], "texture": "#3"}
			}
		},
		{
			"from": [7.8, 4.2, 17.1],
			"to": [8.3, 4.5, 18.1],
			"rotation": {"angle": 22.5, "axis": "x", "origin": [15.5, 12.2, 24]},
			"faces": {
				"north": {"uv": [0.25, 0.5, 0.25, 0.5], "texture": "#3"},
				"east": {"uv": [0, 0.5, 0.25, 0.5], "texture": "#3"},
				"south": {"uv": [0.5, 0.5, 0.5, 0.5], "texture": "#3"},
				"west": {"uv": [0.25, 0.5, 0.5, 0.5], "texture": "#3"},
				"up": {"uv": [0.25, 0.5, 0.25, 0.25], "texture": "#3"},
				"down": {"uv": [0.25, 0.25, 0.25, 0.5], "texture": "#3"}
			}
		},
		{
			"from": [7.8, 7.7, 11.6],
			"to": [8.3, 7.9, 13.7],
			"rotation": {"angle": 0, "axis": "y", "origin": [15.5, 15.7, 19.6]},
			"faces": {
				"north": {"uv": [0.5, 1.025, 0.5, 1.025], "texture": "#3"},
				"east": {"uv": [0, 1.025, 0.5, 1.025], "texture": "#3"},
				"south": {"uv": [1, 1.025, 1, 1.025], "texture": "#3"},
				"west": {"uv": [0.5, 1.025, 1, 1.025], "texture": "#3"},
				"up": {"uv": [0.5, 1.025, 0.5, 0.525], "texture": "#3"},
				"down": {"uv": [0.5, 0.525, 0.5, 1.025], "texture": "#3"}
			}
		},
		{
			"from": [8.2, 6.6, 1.6],
			"to": [9.5, 7.4, 2.6],
			"rotation": {"angle": 0, "axis": "y", "origin": [1.5, 14.4, 9.6]},
			"faces": {
				"north": {"uv": [4, 4, 5, 5], "texture": "#2"},
				"east": {"uv": [4, 0, 5, 1], "texture": "#2"},
				"south": {"uv": [4, 2, 5, 3], "texture": "#2"},
				"west": {"uv": [0, 6, 1, 7], "texture": "#2"},
				"up": {"uv": [3, 7, 2, 6], "texture": "#2"},
				"down": {"uv": [5, 6, 4, 7], "texture": "#2"}
			}
		}
	],
	"display": {
		"thirdperson_righthand": {
			"translation": [0, 2.5, -5.25]
		},
		"thirdperson_lefthand": {
			"translation": [0, 2.5, -5.25]
		},
		"firstperson_righthand": {
			"rotation": [-2.5, -9.75, 0],
			"translation": [1.75, 4, -1.5]
		},
		"firstperson_lefthand": {
			"translation": [-4.5, 6.75, 0]
		},
		"ground": {
			"translation": [0, 1.25, 0]
		},
		"gui": {
			"rotation": [-1.75, 90, -0.25],
			"translation": [-0.5, 1, 0],
			"scale": [0.86, 0.86, 0.86]
		},
		"fixed": {
			"rotation": [0, -91.25, 0]
		}
	},
	"groups": [
		{
			"name": "Under Grip",
			"origin": [10, 8, 11],
			"children": [
				{
					"name": "Barrel 2 top",
					"origin": [10, 8, 11],
					"children": [0, 1, 2, 3, 4]
				},
				{
					"name": "Barrel 2 bottom",
					"origin": [10, 8, 11],
					"children": [5, 6, 7, 8, 9]
				}, 10]
		},
		{
			"name": "Barrels",
			"origin": [10, 8, 11],
			"children": [
				{
					"name": "Barrel 1",
					"origin": [10, 8, 11],
					"children": [
						{
							"name": "Barrel 1 top",
							"origin": [10, 8, 11],
							"children": [11, 12, 13, 14, 15]
						},
						{
							"name": "Barrel 1 bottom",
							"origin": [10, 8, 11],
							"children": [16, 17, 18, 19, 20]
						}
					]
				},
				{
					"name": "Barrel 2",
					"origin": [10, 8, 11],
					"children": [
						{
							"name": "Barrel 2 top",
							"origin": [10, 8, 11],
							"children": [21, 22, 23, 24, 25]
						},
						{
							"name": "Barrel 2 bottom",
							"origin": [10, 8, 11],
							"children": [26, 27, 28, 29, 30]
						}
					]
				},
				{
					"name": "Barrel Ends",
					"origin": [1.5, 14.4, 9.6],
					"children": [31]
				}
			]
		},
		{
			"name": "Grip Area",
			"origin": [15.375, 15.5, 15.5],
			"children": [32,
				{
					"name": "Barrels",
					"origin": [10, 8, 11],
					"children": [
						{
							"name": "Barrel 1",
							"origin": [10, 8, 11],
							"children": [
								{
									"name": "Barrel 1 top",
									"origin": [10, 8, 11],
									"children": [33, 34, 35, 36, 37]
								},
								{
									"name": "Barrel 1 bottom",
									"origin": [10, 8, 11],
									"children": [38, 39, 40, 41, 42]
								}
							]
						},
						{
							"name": "Barrel 2",
							"origin": [10, 8, 11],
							"children": [
								{
									"name": "Barrel 2 top",
									"origin": [10, 8, 11],
									"children": [43, 44, 45, 46, 47]
								},
								{
									"name": "Barrel 2 bottom",
									"origin": [10, 8, 11],
									"children": [48, 49, 50, 51, 52]
								}
							]
						}
					]
				}, 53, 54, 55, 56, 57,
				{
					"name": "Trigger area",
					"origin": [10, 8, 11],
					"children": [58, 59, 60, 61, 62]
				}, 63, 64, 65, 66]
		}
	]
}